index,pred_x,pred_y,true_x,true_y
978,-1.3800663296292839,-6.094527439562379,-3.4006731753317467,-4.007312680388161
933,-34.20726152501345,-3.74282297483756,-36.22505347802891,-3.402951453694417
859,-39.922468839397375,11.71956166922793,-44.3140601347921,18.358921029032928
916,-20.111470265113546,-29.338718063380092,-15.522955061282019,-28.5514018067053
127,3.35825203554638,16.66871040386125,5.51606636239255,20.9141513391855
608,31.189176503094863,-5.226140970067102,28.845307578816147,-7.815199286763239
856,11.686385514077267,32.87046394254339,5.009340537736165,29.074555114466627
260,-42.11746204852784,13.583862758997078,-48.70683048945589,19.23006633364676
147,-24.745986023568282,4.767012896827792,-27.071345522841412,8.53754954726221
810,36.43207299316862,30.206823997932997,54.58714128357141,27.28180690792697
635,-26.657818279555983,-20.922213433938282,-22.80255127784634,-28.299501817629764
972,42.79046920659376,-8.341509080034452,46.417903323447305,-14.609273770307407
593,-13.7141533410315,18.019924846269472,-24.45582915190049,10.209794248717813
994,-37.81266133918679,10.619584602091335,-41.32856889393047,16.43383323450017
285,-44.866508630326024,-7.538822638219364,-57.1608926709477,9.493271961931264
554,1.4772741441090147,6.883441313422553,4.274063145329578,7.0017677836603625
467,39.359089200702286,-4.530146610421764,40.585787126613795,-2.278681445972687
276,-3.145626139078132,30.874741248778783,-4.6589826325012,29.6318207640387
55,-0.0956392052749109,27.236378451899128,-14.356713923883547,18.5899065576252
61,9.597615675937712,2.5912877181276417,7.287414032833382,5.990723954914884
839,-18.28308503741988,-20.26322665944481,-14.680738939854805,-18.64121366803106
425,37.553192195701946,-0.2071946386692534,38.97919945068021,5.458028599535481
82,-29.54139772254275,-28.181150701344805,-42.85007712826832,-23.112592299292704
620,-17.220853759901797,-0.12864419814478464,-19.97581747090247,-8.83010255779509
787,-40.782892444478776,-17.038054357649898,-54.49915398063763,-22.779342345471512
2,0.47447717121405225,-10.510378550730758,5.417359537931532,-15.642909802926399
753,-40.84667311965567,-3.1361092046102095,-40.39052136145406,-2.0655946812723833
7,42.06465738411359,25.72531539058021,59.5632409468634,29.710129718395685
903,-20.83730147495936,-7.140371828077006,-23.365784743725115,-8.11287336860595
626,-42.30500871920178,-15.735062212756706,-53.578946649061834,-19.321954184369822
51,19.461756605051406,-2.1777184946435497,26.385529005436027,-0.350652955748199
557,-35.911209604758525,-30.930502145201928,-47.352131232669876,-26.50726941221945
310,-33.88483490048322,-34.9999999999934,-43.19808024851666,28.422789692568955
100,-30.62519144901925,-10.843127751260095,-26.45424912274069,-11.828563160079899
848,-45.07719166075058,-5.496131919644477,-56.69326592623434,-11.245589928746675
921,-17.536702375326602,-27.92765979097417,-18.923378149789883,-29.507422303138625
45,-18.892181842794322,-12.40693305609427,-18.948634177758457,-9.86002492212641
976,40.458436608173784,-13.059262084253191,46.884826849988116,5.994177559239326
136,36.730282694426776,-22.422728181224517,38.92810236851628,-28.05937999058853
128,18.055240786137084,-19.271781493635995,17.736879017514752,-21.95613350699226
605,-4.16537978308051,4.4232933995441055,-6.792928543350584,2.21855027097493
945,-36.650656572987145,-9.386679861053585,-41.033806651846135,-12.361095979805814
773,-16.578259194919603,8.904040106166665,-17.43030426737026,12.506721508026537
941,-38.46543285650482,-23.442446878734476,-45.686490550720166,-24.333868711455104
613,20.145568052059403,-21.15187282506761,21.52344300689022,-27.546587739208846
98,40.50505874757687,26.11643441589313,53.40312895405128,24.505941898225572
758,-28.220716614140887,-17.16597809699986,-31.049063352059356,-17.849084007109195
595,7.568049616913892,26.32353654917489,2.5934655111520826,23.576978647444335
470,-24.888173383102803,23.972585275893408,-18.40454786386025,28.413275748844555
25,32.03553994172605,-6.2511114598782145,36.36469537937775,-14.848282369391498
514,25.846571926127616,-16.524407513923226,29.04204959349981,-17.887125132803746
239,-37.05347477417109,16.74376168293191,-34.70647598066451,9.7827830546319
980,43.68110093911676,8.450770157702797,50.009198254722364,10.043659376865719
623,26.672890875902517,-26.041568640536504,31.29749751617814,-17.954480016915483
252,-31.443638778305495,19.244745804322076,-39.126280467898845,22.667322957051027
662,17.542938634210067,22.486800663681162,27.19557571224186,20.91035801378036
171,-12.219529317469236,3.7755492480440513,-12.961033753776462,-4.955512633866995
408,-33.12298100209349,-28.043865519314817,-41.33745364584456,-27.705666388907474
993,34.514400985260934,31.636794168294006,52.731684862202414,14.831969301708355
592,-16.62451783665257,11.901600935577887,-20.365717888464793,16.62555119681786
701,41.13697201264416,9.951983862160342,54.864975781022,2.0176496177877326
427,-41.134324967635514,-0.8085774866842002,-50.59819817313394,-3.857597306719441
457,-41.83751479867365,-11.172150170419819,-53.38439642639196,-2.2863905984611748
454,46.57346295083275,3.5002639809228793,58.877074337777884,3.635007532918955
151,17.525491522740808,16.682091646978837,18.55373480062643,14.66857976702564
756,-12.316342973505796,19.308466272174826,-9.27027330093162,20.347527765838173
250,26.298280811000676,-13.659895442507827,27.564926581138266,-14.549354341255134
904,-16.64964309022169,-11.271224657664831,-16.83146335345141,-16.067974778881577
324,-37.28349579546931,-27.75065926021002,-48.33528771048109,-29.550583858413738
439,-27.93085572071113,-7.9957477742940615,-35.23276151224988,-6.102453919548591
650,-34.14816201043483,-24.44796876951244,-28.19975986022095,-26.150447446453107
238,22.600251546792357,22.230840109161893,25.96840455769386,8.642075984197966
498,-12.881724261336329,34.99999999999927,-13.602784852952063,27.436270606743477
806,37.568148822521515,-8.277494955064071,40.75909315516492,-9.703948640560263
629,-38.74127559040873,3.6349485599143363,-43.5718945592994,6.3194211814350325
468,-16.210223950154198,-33.52834378023063,-29.771501989544724,-29.224969952600883
343,-9.252910967749623,-10.81709833654593,-10.804974679107353,-8.62977244148972
664,35.49923799935041,18.66879300570235,37.580291279420024,19.284625317814694
671,-17.842506840416952,-11.873102709934612,-22.732292296166897,-8.48315647105473
652,16.009386311709438,2.9461769989608575,23.860623376117232,5.4035513433586075
346,2.232384846154244,27.240650227988183,3.8069587614062996,29.10960567418278
381,-17.945890394015798,27.26418145555938,-21.775584377791176,25.525923464145066
493,-12.596730067122161,3.2689155582964236,-12.611878021288462,-2.3973170043414385
708,3.2505630380310446,-20.464581210005118,6.808027340071774,-26.287519491010233
513,-23.07376820697232,-12.14869271236556,-23.473487062825328,-10.155764589933508
563,-42.776649333366045,-10.076014361284082,-48.115592824828454,-5.751551664749176
857,-20.452780940103953,-22.501443383849196,-18.95434900755908,-28.96204553933679
781,-4.086104901550706,-26.355396716079937,-4.716184006988286,-27.728957395044834
135,40.03227321488498,-7.665793351825614,37.14802124912276,-6.92240638069298
232,22.957330593758687,-21.018328048442545,25.00915404169379,-26.83833970725259
931,-36.64802742961672,21.81370617138337,-36.34780315619503,26.471036425803057
426,-44.96158956955626,-5.812582762531747,-46.61586169817154,9.511386159295121
660,-33.05293089948289,11.165945622478738,-26.286342525033668,5.847106489795124
995,18.037161673548493,-19.689730620225376,21.518218816247483,-14.968063821925494
36,33.308944427503164,-3.5090510387105605,31.76324287161016,-0.8552869458469488
545,4.2426734987730255,-8.198158541661492,-1.1046370025861876,-7.890615773329184
116,13.795204377040696,-8.80611004109207,15.78952604506722,-7.482694004385543
434,-44.42537567143297,-7.167745223448781,-48.36288916891627,-3.4434150700810804
390,-33.04515634910997,-15.52202666193612,-27.81535922319801,-21.352308491811264
751,-31.65807230215316,-16.10790490018135,-31.84936902897101,-23.489298410027324
797,40.78284324253921,-14.817450187832259,52.26311248156429,-15.890701470821458
180,-39.89992482071218,20.453157223084993,-48.315957665371755,19.43580256001313
152,-15.149259883727666,-24.584777833600246,-21.62032536487999,-26.004967661243906
38,30.00626973472668,-34.999999999999694,46.5857034364447,-26.647720678540587
946,9.631808312540779,1.840332042210188,9.071716028126659,9.676491222429803
710,-23.509147715202616,-12.122473611163649,-21.254549957454927,-15.443758916847763
789,-43.03560507073164,20.86945108735815,-57.985739095272095,21.549158032368354
558,-37.657758190187955,1.7256876037779347,-33.6819012213291,18.57716966645247
142,32.33676229320309,18.911180307075476,35.14524326747346,22.83692156471858
166,-27.730801281206276,11.276502243472855,-34.31142895984255,8.499740001380871
990,24.18288396688209,3.3544016768870426,21.997666227746947,4.3828968072618935
83,2.1266933649665476,4.064039418521005,1.4473995426216746,3.209431416715475
914,2.821912626880808,6.387687922928237,10.801096349767974,7.870214826642389
230,-29.139811593328048,13.10261905417598,-28.60142465806293,18.11491028850979
885,-6.065935528248248,28.397900203079853,-12.33644456247358,29.230142548815905
413,11.958877552727614,-23.155413960381793,21.76790295671279,-21.882690964877035
125,-23.477426544095263,10.82231893057201,-26.31204035490056,17.568121116651362
726,-41.65692460349825,9.652975248356105,-49.068699489486676,16.496338887658133
865,-23.409554644908184,14.851279387153452,-24.087826648527212,10.754844182490466
638,-41.65046375699047,-5.406388347325655,-53.44209779323126,-16.545508918144296
96,-25.295625429016855,-21.99128110773171,-31.972665244857343,-15.47112093230583
764,-31.007624258100172,16.868861777235296,-35.70504558827817,10.375320670582312
79,-5.083646107597513,-2.080684879619646,-3.647151826460835,-5.914816810397195
579,-5.531178446008152,13.870560601333798,-10.220251877271288,19.00757735520478
421,-26.534654383477807,-13.04546934798269,-33.3140886880787,-10.245868136611001
179,4.839172952445898,-13.092895591289343,5.1861593066673635,-15.551625555172615
248,4.203474177226077,-10.024946550520925,9.85323412194623,-14.730368734830412
889,-18.599860236580454,8.195354266137334,-18.709655606112705,5.542163243837599
771,-41.66391771386262,7.731600174102941,-55.95796120878254,14.180185591817754
435,-41.8199786172549,-8.481577704895914,-56.03954243050176,-6.390326524028303
860,35.93696623891341,-7.300462544448689,42.617098871824794,-3.5190662634653123
582,12.548094877994725,-2.491709516586375,12.14168717279162,0.7071043441066109
302,-40.059427670823766,-15.194895106342488,-45.56483466625541,-22.702841803777662
987,12.920424935693013,10.428564642817033,16.74763322897246,12.508793628929674
131,-34.666400881872335,-5.316069917048746,-36.150181308414524,1.27929788252845
199,43.97908671365644,-23.180533628963612,55.74988297582503,-20.53835516325492
996,-41.29109034347453,-12.735208283218872,-52.67449887424969,-15.20083243114691
898,42.9427742988622,6.979910782594144,49.464098072920635,5.779337162283113
934,-42.05078966085658,-9.562479986852107,-47.71665193205398,-9.938400295586856
900,36.97565886135317,-18.6457444738706,32.45371095251775,-23.44026706080975
150,32.60922277141493,21.47306118599964,32.55511342182595,26.94873016326877
143,-41.05501820744384,9.39728286193985,-48.32323578136513,13.634490229531728
703,-5.705284419117078,-9.153150089149014,-2.2623083178224235,-10.184795233853851
474,24.27860379103628,-2.4889464416195275,25.017220426898604,-3.5285046841097873
371,-13.170514300036169,6.729889691886682,-13.947753857810127,4.564710963269441
551,-33.263050421192354,18.813941660199234,-27.62055523182414,27.496003446644984
222,33.56397286588419,-23.793063626003196,39.58574802190603,-23.4182836530004
835,40.441112990427996,1.546640789916027,48.75930232643603,1.2087385168028462
306,39.70337598933852,9.262403109261264,39.42150140387807,-7.694458876814185
750,-9.415992306272525,-18.504991581746435,-14.080988371603837,-27.389531599287285
963,8.151667206794448,9.574899837821798,5.967503327811343,9.162574191704707
340,-21.961082861109993,6.125459465265433,-26.39183531362466,-10.166446063806656
767,-42.5432163573139,-0.13044134800320478,-55.017647446899275,-3.574952378189643
830,-16.558713943254247,20.151019186862555,-22.982525030251992,18.106532417727536
896,9.706079748920335,25.228727934419865,13.951507919383971,21.842438344238943
387,-41.76743697800922,-0.9567912999357897,-46.576262382901604,9.117294375768225
66,-31.998987007083233,14.779527974576258,-29.73927986182291,19.313172654444173
297,-27.98007547150301,-24.68973543325092,-32.52942313047696,-22.329664666960575
881,47.053390561671364,9.741437123255036,59.10164715727004,10.24743578488156
814,22.357734438018465,-21.84913920149145,21.455858681439793,-26.754248565491096
892,23.949834147109947,21.84734725624017,21.69131569176048,21.166704627380405
724,1.7116876923400535,-3.427448574323534,8.757332203930758,-9.418933269404732
991,40.30687177402403,-26.271048294874003,51.160704903427956,-26.184016136268667
193,-28.574697177845277,18.325965036158912,-30.86475229815938,19.768086722504755
253,-42.60411103643175,-5.408368811982686,-49.15782574921245,-6.441441570680478
236,-33.32782106469705,-33.00947327511387,-49.712075557985045,-28.35895375548862
891,26.23494981118778,-14.686691457529319,27.40218381717267,-15.20462981594762
674,46.81107411075965,4.066506406570446,59.960553323912066,6.601301107466142
746,-42.18163535625185,-20.252152497275855,-54.07230161044774,-25.696744066750167
315,43.83430560568645,-18.397819459724676,56.28690479689767,-21.78382183500372
129,24.629356371764796,17.816590623909516,21.862052856895517,18.970451793449378
21,18.394025361165745,-25.040238389157214,17.511627811565802,-5.96890016483394
673,-42.021703891107684,8.989340250393091,-48.23703615777705,13.176401561689573
373,-41.28686739701807,-3.8292041444781564,-47.61748248453831,-1.597618111180232
598,-41.743842915095335,0.9578287078066741,-52.79703572868708,8.785772004286784
853,3.576989146138449,-10.069553095146677,9.531748475992458,0.6988759799254396
130,15.482253830311889,-20.312895663817923,6.193634694784151,-17.900155196354874
544,-12.80072676283573,18.01949438458541,-10.781833210201135,18.74209711722372
35,-26.250644117413167,10.335794511040511,-21.886539833875005,18.685885783878206
867,-35.67040628576799,-7.985585277291579,-33.944367477156106,-9.525434319937979
203,-33.559156447106446,-7.996927284023671,-35.02662192073444,-13.353072242620748
86,-22.15645196739049,-6.897393496514937,-19.27794191495181,-14.601457963155243
146,-0.17112445410433327,-34.99999999999787,-10.918040327809287,-29.48727167460193
433,-38.24703090282214,-12.817474394436468,-46.61836928599037,-10.996160883143716
224,45.14957677359315,-1.0700529969723505,57.373751140343316,-0.5460512050530326
218,-42.447915095082124,17.828568771897253,-52.12558740004633,12.883583823875767
960,-0.26345656328435796,0.19639875934542292,-5.113264862692532,2.1284025194852063
417,-28.267935589506333,-19.80291321028904,-31.248965748418392,-26.379059851725035
697,-40.64993574211122,19.81527017890154,-53.648568295135824,16.872479548675905
552,-18.188123702311362,-12.235724733969743,-21.540721358247843,-12.35931756159885
88,31.379009378843953,11.451289975210862,31.81703647300199,12.64315902402599
624,-9.976295851314148,9.878668547421448,-6.926055296044126,7.798674712777576
445,8.080408962515877,10.01561167677569,6.746561267572957,17.036859305221185
268,-30.20298458779043,-3.7757721648673,-31.840645983457282,-2.1610513331140027
6,-35.832043677379176,16.758567369183154,-38.67530471591142,26.56050710638263
630,25.870458403639823,-15.446406811485968,28.823976194892722,-18.733744426931068
805,13.059232023354562,-20.47900174741977,12.359921362783169,-27.52129533604669
197,42.01943260862075,6.051577464844819,46.176032150819466,11.129393718047972
950,-18.731217154460015,-31.038744214699715,-30.00123763937063,-21.35292283192255
11,32.32154424907057,30.026652034564396,37.65954160405116,13.75562371578225
911,-12.781541588425302,-12.094394170727474,-11.229011026427791,9.313767925273467
356,-44.685605133268666,19.111291257972322,-56.279706943601994,23.10553810217617
388,6.682816493099622,18.87998225796146,8.386239750630835,10.7329920715461
281,42.3055231318356,-21.776390552406582,55.43063037406215,-25.240268788086674
511,41.942483399208356,6.2132300793418445,52.21472392419727,-1.2434476117468307
120,-12.312422355990948,-12.28264437464251,-17.3180935776128,-11.844844222323609
115,47.317841339087856,6.906997029684183,50.354007651928455,6.699843127802012
29,27.326058431302258,-5.892364892787832,29.12325419500523,5.972581418243095
367,19.730958823910825,-20.385072718875453,19.782536821353276,-3.9188237582344065
307,37.985369213221865,-9.879126704566724,45.32116491194256,-9.191541966355675
206,-3.4930691278147394,-7.108163710445093,-2.786855829382695,-5.241943223810253
9,-6.117410580635854,27.364511704864807,0.9416481482278414,25.190773691782375
319,-41.4715370686218,11.355874187638383,-51.62470107014209,13.897644016079134
185,3.1340133383340043,25.129557395521793,8.638378435483602,18.759435641759474
808,9.87095721797553,13.688846031227053,5.409946565452117,3.8079054570077773
91,-18.775882312221945,1.6415578091232395,-15.373724958157176,5.1277975268197835
836,-42.08898611391447,-30.172607786800718,-58.4314030251039,-25.154201765630624
815,18.99259728464835,33.74614283773346,26.897312376853677,19.449262208403937
479,26.217834524198743,-5.72796382545556,26.901400460263687,-5.476964432742896
154,41.83410836341207,13.770598208063571,58.02939627682147,16.714875948690697
126,-43.03939642890225,-4.363158199912743,-54.99460137416431,-3.9317260087074253
909,-23.74784841957435,19.65390841442754,-28.17935424475511,25.868125099069985
455,17.629691573089712,28.83857624792957,29.11799511069934,21.78308579233442
363,38.03128343645955,-12.159607167923133,38.10869654856276,-14.598245625312487
424,-43.31328074967896,-13.898599189380006,-58.92518772731759,-17.12941739225948
278,2.5958954755060004,20.916141303205055,2.5940703562586904,22.919162773228855
567,44.00124588293727,3.562173177728349,57.912319897934765,2.7173771091594503
43,2.6330025534647046,34.99999999997773,10.375348618629815,22.9707569974438
243,1.9357786880722252,27.401181794975965,-1.5748635743164172,28.12918844891555
321,32.51115218534941,-1.4717311404581055,33.770681035530544,-2.7443317080808356
883,22.917535602691263,10.128370126783839,27.54484275446447,-1.5831273535958736
304,13.73900659041122,-32.587076354431964,24.132002497257787,-26.543458003452738
717,-7.416665168964913,5.588695039887736,-6.5650520885713775,8.08156884356152
231,-22.000267021466215,-15.871314040157731,-25.664837392676944,-18.146879159807114
550,38.96832663558925,6.532173678229634,51.30669122654736,7.822552091543429
818,-8.872125726224663,-12.639139229810079,-4.463283185045313,-21.961616945171656
776,-5.6777400271117076,20.696499401827488,-9.032995404636615,16.15112268892527
328,14.626945868713337,12.520648507064616,9.742320659109538,23.25640410261505
350,20.961215566227224,0.9300183745130428,24.13048847981659,-1.397124872134139
849,-10.49651455040241,23.81895046606492,-6.816954582561458,23.628274184685267
201,-43.201085741813706,-7.2718386252744684,-58.1134234772405,-15.136979448934461
368,42.29250058068128,10.537868818881384,48.27982053414192,15.649373428448698
935,-37.473396025241414,-6.655343797590376,-39.75138689849558,-5.457108954048348
107,-3.98536425193855,-2.94070316308953,0.2272435175694909,-7.310799532740017
273,33.87802025893888,-12.363683560966837,32.258654329631526,-16.05485962624018
331,39.56479967324467,6.95635737394834,45.22599282013405,9.228896973006748
409,-42.08201623312344,-10.33846921351589,-47.09224082414423,-13.618951942214782
631,41.441921106265504,0.5257933804420729,49.036770318763445,-6.835245585539411
245,27.12026425499132,-4.12611152666654,21.60679832760887,-5.643465233735181
783,22.268215905984746,-15.490200197804326,22.27429311038506,-17.563395560755033
448,-19.729231380986604,26.404808159276264,-30.297137655094524,3.0606810193855836
888,36.7916476349902,10.140806061100088,39.22175980731501,7.699728993217562
169,-23.716756939922153,-5.059920812343448,-20.90390887549779,-8.318040740318274
612,24.798840718110984,-21.039126544416305,34.4037808578598,-27.34450561516618
30,17.640229060675583,26.485990553180613,12.930289520176032,16.867818611096183
542,-39.79111109205912,2.7943169225107427,-38.5434967355652,-1.8314759216427348
646,-29.16407358347695,11.833872995626084,-37.45230960215002,9.034658734056862
813,39.303955473883114,-23.47216820852948,52.08793426363951,-28.867013312157233
241,2.017010457534424,25.5494562618559,4.108083457466137,24.597628719220374
395,9.807931913852007,3.2148884095433363,7.42478430199175,-0.4185637670499034
119,-41.58788222575985,4.605500648341253,-50.477970912886235,-1.9866105186586012
678,-21.022064512017206,10.090685953212947,-13.355608869834725,17.741764719779262
902,45.28836070276631,18.14746371124089,56.367764326840216,23.145979087135878
360,-42.47353366069899,6.765067060291212,-55.776271492164376,1.3721299812749592
645,-6.701329821295254,-21.779551330028266,-7.837286295952225,-24.134377135343982
614,-41.63414431321196,12.119154140237045,-50.046145951520955,17.854715758136223
532,-40.81617350052275,-15.553406619429495,-53.81178752132844,-2.9982058514397245
799,37.6749591078381,-19.244212263623897,42.533717097105054,-19.130712054416655
712,-15.300173475860664,25.539389369945557,-16.564770548078677,25.233713933208563
527,-40.96694322505896,-14.555596743477137,-49.66115328061041,-17.75665606262251
657,-0.6472649465247745,-11.944620131768724,-5.718693527740498,-19.015741985738767
581,8.377766624616125,12.846546191496074,10.473114634435504,13.06284583010607
429,-41.628015740577595,-17.553066571212696,-52.97261971451728,-20.062592968952607
562,-25.831425869201826,-25.243938114232172,-29.855203064947958,-27.53018114810876
793,21.23408375472254,11.920675102733483,23.951878409631448,16.72664102527282
0,7.315735067577119,0.7567603281247433,3.792078897591786,-4.531300864426413
677,10.641034456405418,-4.205933918436529,7.753825527228713,-3.6025748448578305
156,26.12874898072235,-16.377925153212278,27.627775690695486,-23.121254944182663
28,-12.65107183433661,-0.8363049451705822,-13.940687098076552,-9.052709498004788
768,-13.887169853993502,19.01285196366818,-14.1801107615264,20.705587463470735
762,10.515344687064209,-34.999999999999304,24.26726503218667,8.596721555367623
588,2.41686449434187,-0.6873926497775584,8.741515855119601,-3.1885412747822777
570,11.270242768219184,22.845893151684184,12.364167087472012,26.605832214803435
501,19.438989643566746,13.939065897950512,21.560363839563635,16.32941182989174
944,0.04525122934937079,-9.010498678891468,0.11247635500406972,-7.488069127606607
584,-40.858040030712026,-11.406963100048918,-52.4638039289261,-6.623551620797038
274,-13.7279909923071,8.779033099343428,-12.277213970293388,10.321691447745401
887,-12.151840387466015,-9.643406249506883,-14.491515953753556,-11.326771436245963
101,16.305504668396747,13.517361997136037,24.641033357646137,7.126716473266349
71,42.34243043345969,13.821516865262572,53.56561420619444,17.6121314957025
464,-35.68214869886058,22.94805773391596,-36.66143797746726,29.260228440579006
77,-37.70786753355334,-0.3446130728615796,-37.50314149233387,3.8918086371267364
940,23.613388102573786,24.755123665198077,38.53990709216117,28.397507496183152
937,-40.78332897686399,11.147552818653162,-40.6411721801411,6.423071977369496
512,22.779542827724345,29.440053954033587,29.85365720226075,21.788625323293594
352,-33.2268305620646,-19.21177427805281,-29.536230438171383,-23.025934394225075
693,-34.89949016414927,-2.5367065348900604,-39.28135666429414,-1.144075068718216
92,-16.027580790206773,-12.386452993909085,-16.157344069825925,-8.78505440149532
394,38.84855171941064,-15.117839205616686,41.30146225423054,-19.397175298001315
259,23.97435084498416,2.8752181956209166,27.152402837094172,2.455419695214495
868,4.162219312075824,14.043339857527643,4.62025584913772,13.323009193840349
798,37.69851495199928,-1.9366945867390504,40.74291923254175,-3.2690220107306978
164,13.011042503143182,-19.41406396660542,12.637262859426968,-22.459628403206594
244,-25.958927216880465,-11.468972610121636,-23.02396214953574,-17.533086580828012
829,42.513029991128924,-11.15386762225914,47.818654071158306,-19.07685297025479
684,-26.463514929615137,-4.320234978363597,-30.92262411005094,-1.9854353958147222
796,-37.91826233363711,14.588989088874772,-36.072902595022775,19.016784965439143
444,-3.917781884274311,-3.9483105368673996,-2.7084831091384345,0.28595332643832094
354,37.92656807217036,22.18913001441595,42.785562087587735,22.945772916620705
775,-41.4424378840248,-0.6501208085996805,-45.911178798104885,2.9502326347700105
330,-40.203609943822755,5.597086318711016,-43.68906804276847,9.079573271168705
382,-33.286597949386206,-23.12676771663289,-35.70167102095406,-29.65132662191265
62,-26.941912650036908,-16.590772174469905,-20.95747701375695,-23.073538078935286
878,-41.5213990357118,1.5351723815727303,-48.747920237260495,4.938834529844854
842,-20.069201987383344,3.0115122619975683,-21.679673350114868,-2.1090933738968474
344,42.68081410530211,11.012147695668911,53.35118801425605,18.13275067516865
745,25.559812280785852,13.289147509794393,28.07350423538969,19.595761389832205
336,41.349779498813106,-16.32375021579143,53.106260445169156,-21.66694801540239
44,39.49618583360196,10.394660389111682,43.33843717686048,21.06207181398068
163,-35.2279803164315,-24.13031958516102,-37.69108356803573,-29.36869903959989
890,30.801815960292608,27.726921679519226,28.75748097073742,29.03944597412488
936,-2.710209778955595,22.55283645227968,-3.4706654043579377,22.010670311084695
153,26.233769259148055,-19.476462028667623,29.86572975035091,-19.70840219711701
219,-29.130917150845242,31.59363760882621,-40.089118349979366,28.828387008084427
213,-28.334396957392556,-14.679322806074182,-37.19635321579033,-17.4266826435068
591,1.9660556413571415,9.787038065380399,7.884483275854549,14.028080134844302
12,42.660768438507695,-23.992401005927984,58.031507925723545,-26.22206685314685
56,33.260339151273335,16.003126657066176,37.78702812916627,22.864436421646907
133,-2.7638572659420713,-7.768718745248666,-0.9265330428060352,-6.372763110289025
572,8.746861828620517,13.930384773901071,10.38936930016601,13.050248312600559
305,39.39433960811971,-26.48655363969454,52.225496359105165,-20.302305471819082
955,34.25827092036586,10.98815230648006,42.43624077899911,4.4385861490807486
785,-7.009217913175529,-9.550686698780524,-8.391053464216746,-13.176660660012772
334,-11.02477533460117,25.129187830728846,-10.699594848959919,29.75391841326889
288,-39.81617251814471,-3.4089540533962683,-44.36219988376458,-3.7584653732400106
326,35.65126723315986,-4.622809858974819,37.63691764649539,-10.724194058545326
225,44.123426786002256,7.699187775891099,47.460130564820005,10.796910535608326
707,5.7978599041348975,3.7709848374578785,4.139878914037553,1.8506341672571054
576,-25.483658083758876,-3.662445071816633,-25.718441527207318,-8.266893348617337
380,-28.480465766256877,25.37731096312111,-32.56805816409125,27.539518261504192
998,33.290107191978926,13.251026289019753,29.7959597935657,18.877141389877565
803,-31.626036953222997,-23.338564383247387,-36.64000422824593,-17.03315397351207
420,-15.8526444316016,-20.88732420137935,-14.80679976451264,-23.943969256663216
299,-22.432063460162183,-13.340597414579285,-26.24473644170201,-20.69913143189967
447,-30.88672979742086,-4.480459351190624,-29.701778947334383,-0.31767364216305793
875,23.225854448839222,2.412166245516092,16.706367374870226,2.0143285655477854
788,36.260857717827754,19.262323769240684,34.64732410966067,20.409846910102885
872,2.6917695270625237,6.998259437856756,4.107331193888328,4.897424724227889
402,17.23363566025514,-12.863212579091599,12.133760679288287,-15.472916735936177
536,40.94759871132076,-14.832640231859573,52.42833165808621,-18.608466675299194
761,1.8517539219946124,21.89669757323583,4.74127670949504,23.633747793856976
312,5.153877907005038,22.121922637381548,9.724856500147553,27.24633988097623
204,-41.85044358114087,-20.102238572157187,-55.62259996328854,-26.050192440234337
217,-43.444597607699535,13.305944032175807,-54.22529624537746,15.291427542104344
48,45.953780440137635,3.542261917838707,54.42061427561464,7.127202437576301
695,-4.760891897957979,2.075137928569372,3.220775100506117,2.3295326250379063
496,-41.1517257054859,4.223090203558796,-55.13934808449795,-0.21213632026713825
14,-15.496048629751495,17.631228356897317,-8.933260765751612,22.902732106824566
833,-16.590112866387027,19.405439304424558,-11.995587299865335,22.01713108233242
616,-41.428447885297835,-17.942049259393613,-52.5273555957797,-23.652393698823523
659,41.32297038528072,-14.207493208560399,49.98729254930991,0.9611870552100363
379,-43.23010003688101,12.329718060516203,-52.695214182905225,16.512121785911575
176,2.227327797716938,9.659823502031886,-2.9331472277812622,9.694430762470432
539,14.218182726151326,-0.8537945148809304,14.727532421005293,-3.4553945490689095
173,15.964417887949269,-19.583054190953796,15.303799450127599,-28.015955853019193
666,18.767481645271243,-3.93376909869663,20.18660153855585,-4.208429334107457
556,41.739647365433356,-7.091452538986293,51.19614876095885,-5.240682131082622
546,-21.301468793806347,-18.115582992991616,-24.81094726645084,-10.96324376173133
983,-41.22143981366487,12.834749967698512,-49.48019820216424,10.329788161081638
691,-4.76215177224274,21.510633909148055,-3.601184495554243,19.227314129360195
159,-21.761141517953632,-33.33522394138771,-26.073270528487,-28.56472261579292
50,46.205882116417364,6.079454516434267,53.30727718135128,5.134212204568698
8,-5.82400607988519,3.554365633697169,-4.664366934920828,0.3527815298887056
541,46.516687873813716,15.885964568217304,56.78026613629433,24.567764345817835
298,21.71747921975967,5.206208831417485,29.726075426984437,3.2015743556489014
365,46.40085290587697,-11.931902870849637,54.704234408452166,-19.128250541495476
198,-5.651617769031009,-11.484229120120164,-10.674108623484123,-11.326665983855342
60,-40.86134640445242,2.0800194720855196,-44.55521883193011,8.787951272156093
361,-42.32915399042549,18.6535016014426,-56.2274592584573,23.45850102034541
289,-17.359809326820038,6.16872069678405,-18.940626968387384,-8.768200834008763
975,-28.439691212526107,33.614221067255855,-49.46709739589259,25.823907993114837
905,-42.18184975760693,19.989162230798826,-45.51029232434843,24.317813720138034
817,17.12526115588392,2.409140777109017,18.45381444245743,-0.4715575227784399
748,-41.686658468086456,-11.396539917893673,-47.25257643449609,14.651150711729017
565,-40.48742072664485,-12.732788472686867,-53.321822199725815,-8.137552722957931
734,-28.126455500738754,27.996711348113426,-38.69745276900932,1.4815471083859606
237,-35.010899813858686,-14.187133302247187,-41.845827442595706,-14.307935342283336
774,43.064646853559054,-26.47364279043295,59.47624131335708,26.093395666582836
894,-39.207817629973526,-0.2679994898208157,-40.20616345921664,-4.150853620290189
988,-3.625969450867288,-4.302027121689912,-1.1200043616627724,-12.453540198782772
825,-27.40608424474755,-17.56285327039898,-21.59414783043455,-15.71232142570434
20,40.30520226949276,-6.2851651171070415,41.07401203185351,25.4855390058816
480,-26.29936966797896,18.105544720358587,-31.456600980357425,19.494714570263156
271,-1.5683002943207809,34.99999999999916,-4.127057206383185,24.747224695933767
476,-3.158604222072428,-2.0089350968276873,-2.0378809958390605,-3.991402399413378
834,35.60246542360066,-18.350708199261923,41.77498048350871,-19.63626257577765
530,35.616991030528894,-23.212896457931414,47.79526409553115,-17.176468881612976
780,5.17466075669381,13.372528016315492,10.581282295197497,12.984178268680125
986,0.9136197736485245,15.522678691128961,-4.477469834329462,21.581173255989164
183,-4.819132646072893,-23.585367952574646,0.18821567569418818,-26.405649130441095
140,43.736740830979194,12.188255316321555,54.882256805911666,-10.25140835354858
393,-4.678183298147611,7.5173397070677925,-7.235603657230385,8.7682548386978
202,38.069518818503674,11.01674912406326,47.15528940713412,8.833024593881987
725,-3.743487543275784,-23.21706145748813,1.5933131888066399,-11.062925198639416
743,-40.47335654979714,8.860214987556896,-44.24929483993606,6.872544699625905
124,-36.71567639204714,6.5190214661171195,-28.83945026302504,6.822629953483201
951,36.82152761656138,-5.510226195318219,45.749258109931915,-10.312669054223381
59,-21.11831316277687,24.139081252029023,-21.24591171514041,28.292899546258546
823,-16.466621692003212,-20.636017527418996,-9.684551158962506,-13.951459062324844
716,17.21704783358633,-24.505758404135047,11.666694561635836,29.154967779809525
766,-3.451008819822806,-17.612859780452798,1.5087680788251774,-17.51023733107361
688,-29.1432623762785,-26.356247971190562,-46.888337615271666,-22.52696432339261
690,7.957192813125474,-16.37656244938463,14.512829518220371,-17.748660469915595
472,47.370842894715715,-12.456176001832088,54.997999976177624,-13.679868222075655
64,-36.87275884502487,5.702340562498176,-38.02860897617795,13.48757938554077
234,-4.520090035079215,-8.631759331032303,-0.35201078427466115,-9.131289579937082
873,-2.469462940495584,-27.61281088412053,-8.753207780211746,-10.951355282246048
719,5.241479688643669,-26.43448799597565,0.7871243772643695,-21.472195740639897
585,-14.987773415713152,-34.42743020773943,-15.766278891799182,-29.217981950187095
461,-41.628227326292475,6.702245551146651,-51.75680526301203,8.026196580925728
40,23.304447821578208,20.88925175248396,31.44972040797461,20.413692892224596
977,23.03768234295179,18.558535053488193,15.414904554374445,19.8626829967817
601,-12.271330073147434,-27.76587661770711,-5.281527472777697,-29.881557431140248
478,15.234103687430249,22.769386052763398,16.376473090116747,28.04767998653709
589,12.780142817392937,10.258941077728633,9.123753361149497,10.859225574439463
694,42.16374639674314,-23.83883018597353,54.33153801722689,-28.641654710414358
915,-43.116198139677785,-16.832345455568184,-56.922350344885935,-20.53335655798447
132,31.29971610621178,-1.4836497029607194,33.84978520332443,-1.2091743138329072
72,-27.72612655711949,-29.23584713501471,-41.517469303217226,-26.560752678001233
138,28.161507130895476,-2.7560874943841913,34.26128398105095,-3.017440112731748
121,15.600769215017934,3.3575757970002362,15.343944304515801,-1.2577085195704214
46,-38.04249691566117,-6.178545218767587,-42.94292679444576,-5.888075000102905
482,44.72134872678789,5.619148907699098,45.650180802554885,7.224842999666663
184,-6.064220801958934,-11.42906582093969,-3.2694322200540213,-13.843784725773649
53,-14.166367855335396,0.30913336861753915,-16.643013825755993,-0.03627807404323491
715,-37.71797914169871,-21.576819067616803,-39.57571750463947,-27.649288586889604
33,-1.336294536097277,28.631328080956294,-12.227820699915739,23.409150695714544
966,0.02034023832189394,9.350001482425363,2.2040612494174283,11.358608119722518
794,-32.23043014233111,-26.100682476092558,-37.96093835319493,-27.864561200813228
26,-22.833360683107813,-14.42005056557682,-28.60512442987038,-20.96131241962526
415,-4.722568367054167,-8.861772407793513,0.7094274802098539,-15.9491458928208
509,-29.680596049141787,14.131846696269589,-31.837885092925834,12.188768773757936
772,39.009322341987804,12.593226433479556,41.791356546098,15.57001982847028
374,22.275535784710346,21.242130227765315,31.383999607225988,26.340846827927642
431,-41.35892235226169,-10.900543850303245,-51.641883594119705,-8.155152975488072
742,-35.33960346672624,-3.406691149190819,-39.0795342435886,-1.2721311369913124
168,42.91484367709664,-12.529969435340808,48.11411020421059,-18.094727258006657
531,23.965649342128994,-26.530658955642075,34.79946818786598,-9.799845437395113
399,13.45740975919451,25.286126489934063,14.589403827243927,28.754381881008015
471,39.05495054116718,22.99635597229498,46.287795254507245,29.366862190476553
172,2.446268300185656,-12.448924439214125,-1.9279207967955898,-14.159538236289604
269,-9.290134907619699,6.555453209864893,-6.682001441438246,-0.8336818665237473
596,-32.7463436318593,34.999999999901256,-52.68720133223291,26.62706598867605
258,23.723786134112743,-9.46504272681042,25.509465048177475,-7.409877415775306
731,-46.07038349357643,-3.9016095226239904,-59.76538908277319,-4.346101242417845
879,-33.00870955537915,-16.94577756550024,-34.95507502880903,-23.545256973046854
714,-31.11853667805033,26.242122496613035,-38.93009649167385,21.938199259027357
144,36.208213108585184,7.980647607753514,36.546227399566305,6.35095625955082
463,-26.275218296391635,-10.662676734976744,-31.747561605160243,-13.357508602895827
220,23.270302716532022,-8.403274988524831,25.260071401340696,-12.598516108393042
740,-43.07373598611438,-13.20595791945387,-57.99142521699415,-13.267299234446778
85,3.75221707403976,-33.21441996010868,14.537097908171063,-28.2161232867696
852,-21.59418396647641,15.78629523306521,-25.63673501217783,14.811776358036276
704,-42.53608968685859,-10.245288514430635,-55.504018718318335,-12.447616569824145
627,32.84738980787898,-33.05904383498944,58.29690614470087,-27.952708107409368
723,43.212214879546785,-7.920771276536654,50.508909517421756,-3.42560015137396
807,11.593101486835684,-17.437513170422875,12.003839537719458,-25.13239662172783
226,28.61868525260653,-8.235394022361861,26.367044004833517,-9.533018402113402
110,-42.2115642805361,12.007025919379172,-50.22227670884274,18.209898020707463
869,33.94674393269484,-28.145534884015746,45.46423493072629,-21.70867689346695
984,30.89749984674892,2.3289900740534826,36.626557346168084,-1.1040014524807873
663,-41.48140328510365,-13.078251952951783,-45.92155576945483,-17.383815555557504
561,-41.194229549822246,-9.962982990980123,-49.87597307303155,-4.357171243466681
802,2.612319432590258,25.32862024876212,-1.1485771663547695,13.856520447548654
729,-20.624065212196836,15.013111436060202,-22.92902481472406,17.092107209862498
952,42.5014061704991,-14.170967395398383,56.63631582863414,-15.986463607797383
377,-6.090166523959453,-14.061503146418486,0.45813670394598205,-22.024411806776637
351,-33.843491783448485,-14.267604379827548,-32.98345042265271,-21.80958734114217
174,28.169241087787587,34.19147880688864,31.497505335138655,25.28995192891471
784,37.82748332969785,-26.23536371937989,49.289440832117776,-29.928620507749304
155,-36.597687692013416,32.630641484700284,-57.35413634861109,21.7852746227232
795,-7.543816616433349,-14.70933760329284,-3.6295310676143444,-19.404390615410072
709,20.131907985641362,8.16205711294497,19.815721144231944,10.237528006883373
816,22.377733963169547,27.131638991168085,35.320215111306666,27.216150446683763
964,-40.26810995977865,-1.6928237323542619,-46.50514270659997,-5.090479458112657
47,-4.062597260325947,5.042440000360343,-2.2657035057030512,2.1293575274550207
670,-20.438297072236963,11.16597511202225,-26.774915292752468,16.80392234223386
400,41.10885037792565,-9.988736102672773,46.11508670579994,-15.53092222430511
97,3.408481574612616,-9.34794763471746,5.082020529340468,-10.62695784545895
840,-43.811163648024745,-12.937364397383178,-59.02256442852589,-19.679287679410656
778,-41.82799841540253,4.408938576652395,-50.493743369357134,10.756081937256937
211,-44.98140203830255,1.3570313809052028,-56.05501459489066,1.0966038467579082
309,-18.432429198559543,17.265973085493293,-20.76422952292151,23.616809101868157
619,0.435025120180337,1.2569235719862764,4.573500680374153,-1.0940404945958484
845,-38.163577694489746,10.431305411728259,-37.25058790839765,17.038618562216634
3,-15.666870939384944,-26.09194009164899,-18.126492842483984,-20.79494268457347
971,-37.92578847919916,13.505092379830797,-37.28949872195997,7.3850437106182625
683,3.3799938920852117,11.316353607239195,0.3165895716738163,15.920066680665187
192,-36.31067663959604,-20.1135301782023,-32.41572179582502,-24.690763426151086
406,-16.79681995510938,-20.147516302869864,-18.57834671158357,-4.716784685279652
738,-12.92975716199447,13.654088814096713,-8.394042079108218,12.973652667571173
80,37.26726634501508,-20.295327587194045,49.18794315262248,-10.048913539932872
744,37.226349243483824,-14.923447778980558,40.031797448532046,-20.382262420201695
419,14.193195426821845,12.767953770030662,18.363409403177926,5.661618267859666
357,47.61460417222154,-7.804666957321841,58.83238830320468,25.560058957471533
644,22.672918737385622,-11.664741761807063,21.101757455198964,-17.365771891902934
422,2.362363654847775,9.497679575095924,-1.2842965065969594,8.193052301675294
923,-4.827109892261652,-24.704619370612484,-12.834910975589992,-24.979385269702306
929,41.531925975622514,-7.714217863997387,53.71314939311013,-10.524435053212194
603,8.037113038699355,-19.835130638390098,13.745359793661493,-24.41317631855021
208,-34.67871624450472,11.126296418086486,-39.739047436018765,19.706846010795168
345,11.23481745023039,-7.87933427618768,11.334778404582096,-5.808570481741992
256,46.561183450684545,-17.103248252652836,57.104411466405395,-23.69193228822325
145,-31.97281028833061,-14.633802322501133,-34.815274554526255,-12.966464534325162
854,-45.33979658398709,-1.4557205136509244,-59.5923245219428,-1.139301422928213
488,31.675480151985052,-16.00615097611747,33.36491072095902,-16.8235933108688
713,-42.178560511300006,8.854096848356708,-51.01216500098264,4.796902252138956
90,39.77796817130657,5.055254290469649,42.245811907597826,4.869015185099485
469,32.94189701939316,20.45671076035253,32.5650781803152,24.33529937920497
800,10.979464067863638,-13.25817426773952,8.939828617599105,-17.25711356845212
441,34.13535080068795,-7.279423716557402,36.907243792436645,-4.777301549507406
108,45.29723715476949,-0.6555056101495693,58.65029826549862,-0.9927608189783363
404,8.93017822715019,-9.751370081537607,5.656971612291699,-18.551745304402143
338,30.59717216968045,-2.9588063539904184,28.903555227946953,-5.9338554516882525
68,22.79693150556788,15.286245300493974,25.252919688354098,2.5658135634750394
575,-11.609562363662695,-29.223173024491675,-16.28931329722805,-25.3398250368512
741,-8.598145142748077,-30.67013336980754,1.875040729737691,-26.455242523283353
700,36.36930623917345,18.25118747636362,48.70837366109592,15.298685669671826
705,35.45557421629781,18.293491587435852,39.70240373385033,21.55617995418209
728,-2.4275021334948006,0.5338362766545225,-4.0986428625839295,-1.0033400543543642
747,-1.401077594176009,-11.154031731290821,-4.485411774762518,-14.394907498006383
194,7.842293096673503,20.190879503730336,14.674912283167302,27.50377546238454
925,-21.46286214904007,-7.061327687199167,-17.690478476550375,-12.326963935222032
569,-39.445062376234794,-1.638135132205915,-37.55064196028002,2.2623668763803835
855,-37.79173379360131,9.707633665725348,-42.43902145443934,13.726787200144038
58,-11.446389402527,-25.68725781002306,-11.163838764922694,-13.217852981581991
462,-38.23055671651047,15.449478705060377,-35.833880098251456,11.689677002367304
901,8.875214576073668,19.43624403964923,11.446761081062334,22.73058939415248
261,-22.861821594271788,-1.5067915382564125,-19.667080597393756,-6.227871936116269
398,34.218736200599324,-22.55511742192837,45.98062411764214,-1.0578127853369246
755,-40.03554237619342,-16.80273683138362,-48.335299731772565,-25.594607062624377
871,48.41467883131042,-10.741293399169493,57.953827857595215,-16.10973379698448
459,-15.357120963714804,-19.858245550676116,-18.595316573590033,-18.35478679260521
632,-42.167270079461275,-21.38769607905337,-57.17814392400561,-23.857569283741125
647,-23.605972465228778,-6.3568917323531355,-19.73740562713205,-5.242377707395271
580,-0.1396038648311987,6.485049875622635,-0.15807608751396174,4.340852073624205
954,-20.779667301935206,16.228494048007445,-27.37745465401487,17.177392367805297
235,-35.34707943238361,-24.641729144928668,-33.28098191116635,-29.79697605675415
280,28.8535634462061,-9.597311269567744,26.210360991126777,-10.859959182535949
922,-29.37588526480175,-7.046467558264022,-33.12713925529059,-9.566715285916814
618,-41.012734590916125,12.56646422200366,-46.12531871568412,20.074650360841325
573,-38.19061854978329,7.5646634612455,-37.644274873653785,11.010094787156895
293,38.126809327097604,28.173324261113144,52.951265602506055,29.740931501072545
538,16.535600802466195,-1.2019534112208003,20.310848134839688,-9.956381647891007
178,-29.334900152485254,3.9381055740111592,-31.326526812179466,1.7495720789412914
516,37.90617862465141,-27.8923724795034,52.6407267488909,-28.47995834844491
680,-37.46480552670835,20.03025564685431,-39.828201805637505,10.25872696285947
981,16.786733098710098,-23.10070511173297,16.77195444311701,-27.376574211371054
229,-5.582729935291689,19.43468328589788,-8.521142218608304,15.8247241730351
353,14.121814852366098,-10.089005441091777,16.124875402280068,-8.558753555984655
84,43.41827638860569,10.332365395205727,50.857452503721944,10.276117014647433
607,-18.553396064050848,-7.50278646950176,-18.318470320739813,2.104225693300613
668,36.326638394981735,34.052761387202764,54.51578576981488,25.233036434379173
559,-16.61771908877411,12.9841900575037,-17.090784439027118,12.650133068346427
870,-33.14679957240049,-13.948227331634527,-33.67917286378636,-13.179266417720498
686,27.29218861452576,2.7783297054826757,30.76984575199083,-5.875183605737419
282,-42.386357045430486,-14.923509549895533,-47.93006888925699,-19.5151069600001
522,39.65121911234862,14.644459032641562,54.456656129587586,7.660908221758277
438,21.59799467967166,19.928066771912153,25.59593091379945,23.98586263784724
160,-36.28805623053799,12.362885787057293,-45.816136339557076,0.25896167102139245
74,23.906839513238314,7.915345899191814,21.423933880693724,8.189745690140953
733,26.35723182033551,5.732855706978145,30.216196252699604,7.373394414294253
938,34.80026597485242,22.911938395121748,42.84188514168214,25.138030701135996
969,32.410661832864676,-17.71766021622862,31.216805425720935,-7.1481682887401945
200,42.14663787412168,-9.989549950620015,51.520028618572795,4.047768519284475
757,-1.5867320991737444,-11.292417325893153,2.489205667698471,-12.012638291410816
517,9.890652820313047,-34.10022510925749,19.521556705024977,-27.2930149619884
754,-11.088104211069698,14.350017011680324,-12.57143411908713,19.646842639064488
979,-25.321764682411334,-12.96417154424839,-19.951783783803293,-4.867061379633434
295,11.807079633296587,-32.75653347052919,10.521986381924819,-23.56494440750148
423,-44.25931451376669,12.810457624641941,-55.38759469723372,18.460617865865608
118,35.510955721273916,34.99999999999931,54.35777307498513,23.60254528666445
337,-20.270217553883004,26.209273744368545,-24.908409601632414,21.30909324934497
985,-12.40558360173148,-8.641005708654955,-8.937204795470166,-6.652984846613009
947,19.902239856759362,13.085152824020366,17.299061847260134,12.223305370301397
215,-0.9320942704765942,-7.884777646778472,0.872821576965471,-8.826113112175467
924,34.008222955244584,-8.968526115599122,32.0186095345465,-11.44198655631424
54,3.211099754114923,0.5295503064506164,2.270335104771391,2.7732720307300056
880,-23.76565914172392,-26.150440676892938,-14.9907733093454,-28.638205642661557
737,30.29575192002407,-15.715899379029658,41.92975255576509,-12.583258990928282
847,21.53015499158534,29.752306611389123,25.070708046407375,27.812992185812817
643,22.11253705897856,12.356367989731591,25.120121819877554,18.710936329783557
765,44.012759289645004,7.393113307975844,59.47141674315,11.736927772472399
446,-5.76309092829275,-19.49766054236575,-4.66489123875688,-25.47216866592175
284,17.423903542277923,1.9419239867151263,10.84552778077665,12.528849677638405
897,5.447082595166679,-15.98298755308921,4.706000283301563,-18.770083818959492
874,11.349034254450144,6.79192482693223,14.848586483691719,6.332860628294284
99,-25.61174561212286,-25.453123741440514,-30.37497902692281,-29.39023196040909
139,7.2312203659244085,-23.1725002448251,11.883854358086708,-25.045863752815244
926,-20.19091327629095,22.337308087305264,-17.027911212280856,26.606397876817915
320,19.941067297554554,-15.064950517252308,23.58470934873361,-20.626006371324614
246,-37.707487657324585,0.6368544126378799,-42.31086008875791,-0.36134052612719714
23,-43.69940126208852,11.336497283009049,-48.182077552644785,22.31332867042275
191,23.5884031172662,-8.904070284638834,25.372898473178196,-7.928423927567163
505,20.731636490239783,34.99999999618303,33.22669601408445,23.423294626936197
264,-42.529264933537746,-22.336255166525397,-54.7037375107498,-11.721111355223883
824,-4.084878219533901,9.306397467046152,-2.888077953853184,11.413673737678522
465,42.493025849114126,-10.85545187935605,55.86746619666559,-16.057574242386185
792,42.599609515350586,8.921100440736526,59.734787126549776,6.432675685912962
610,-34.11810864156117,5.97419168198637,-31.665338771930678,4.952819093430101
636,45.20849030022766,-11.540416336513097,59.6985054120146,-11.49774085463157
653,4.6190517013234995,-16.366727692109535,0.17868461458816398,-19.364507106991265
801,34.540576870574775,8.753891052397433,40.12371505231218,12.565816722544739
520,-37.00351085846496,-30.525702155428405,-58.59092263834019,-24.668502776714757
436,42.26435541689715,-17.187215056223803,54.24651446325386,-19.359845102465755
430,39.812078145610926,-6.9314798967791384,36.73824504066299,-7.2862877330206
262,5.724603169674929,6.133787098769187,13.798361112425141,6.179678238853825
242,15.89491145840515,16.74600891796992,19.407015049386132,16.869611095643172
698,40.76352870907476,-23.246650332680098,48.66096501760585,-29.213875465344092
822,32.91307639471773,-23.36817206674096,34.01644473801599,-9.523234874011123
656,-40.73272143459843,-8.374739788112514,-45.57691235958325,-11.874493141280894
594,-30.805435273937345,5.411905696117131,-26.717392659240502,3.098025261160956
907,-8.050335159773953,-24.08339774543836,-12.348554532854074,-25.522259118930585
486,-0.707604050110602,2.196494100924908,8.51797962382797,2.668892252132963
103,-33.05187368873427,17.99911681839237,-29.80628585222799,24.12879250842056
414,-16.701053082760644,-18.255603442242027,-12.28227498285004,-8.456567153851424
327,14.428459815957872,-29.716161118298498,12.65328967548443,-28.703644842426527
104,29.440516560463646,34.99999999999993,53.39216384032396,27.989382928059065
844,20.839080594358528,-1.090397489274546,17.58670491899214,-4.4867584606504565
906,-35.03239421645053,12.149682043153886,-36.88417933596593,11.986989364641623
841,40.38209830214918,1.0594019908250119,38.50359447788861,5.011924798150851
443,-12.221671007435228,-33.361290929695166,-12.462435602026595,-26.703582472674782
692,-36.0115931083053,-20.224988842818092,-35.12534912392039,-22.984686963169665
31,-21.677690288032146,-10.770442860078298,-25.194975608188926,-16.490192688625225
676,31.88004307090807,-20.80699597864436,39.80866231419756,-19.914178028254977
383,-40.45810475523757,-13.076865397988003,-44.49648435521065,-19.992487317688287
254,-39.6457851478134,3.518895363051663,-36.477380061937346,-10.442446873783908
17,26.964679468119048,-1.3300093834279307,22.546882494377783,-1.7033989892523707
24,24.66137780360861,18.54991116306221,33.63701088614566,24.025486391880854
355,-40.133022676926515,-5.69649672741817,-44.73094192157279,-1.6831511279662088
679,-41.12941825363007,16.49766308635159,-55.32329175232284,18.861236963790056
378,-25.19171810052037,-10.937964259895402,-27.20818221083502,-5.439173887378075
782,-19.50725011506011,-12.072866503988822,-23.209046482164645,-15.036432663251382
769,-37.56349186013941,-22.96528118733512,-45.245650448599896,-27.429462669673576
568,-41.1120638872464,-24.025875710175566,-59.99289662973069,-23.72574075262498
460,25.552662737156552,5.655041493011996,20.79404395410498,4.808436729476867
19,-11.52189818580736,-16.077023447588942,-9.140839600243012,-18.77149277622138
162,-10.364372794243332,6.981967579073029,-10.213140663383314,12.49576442490276
16,-4.917222453705296,20.596427211416398,-5.363094511221888,24.635907796253314
899,41.29216787343094,7.481475079003359,48.40370350587901,8.005950376142742
308,-41.38917908834463,2.4810377530951886,-42.83593726829493,7.319450263577913
968,40.93900705748745,24.295499022002517,56.69558171707291,7.976965064240105
495,-40.77613486053708,-16.299829786177543,-45.119272650130156,-16.39000065114172
325,19.670681382657847,32.773476720543826,26.961886008010964,29.748770078881762
73,35.21218517501785,25.880215992851046,36.16085681841068,4.166928999282156
75,-30.190976601388446,17.049527324976307,-34.0769516029643,17.099049591526658
515,-33.52581715806036,9.366245662833261,-34.59592762833911,15.086459270360862
831,-21.507639750290313,-22.409835386070274,-22.38443792452688,-23.66060644224715
997,-24.055108717027903,11.595351087408384,-29.30335174924729,7.257557135144424
577,-30.28452994235457,7.289293759579863,-33.43745126117789,3.54756810305836
913,36.09766671606295,-21.375460178034054,37.734508726424195,-24.529069800737
958,0.24925309662501086,24.413162131462773,-2.646168552192897,29.201633050644084
283,28.465895293303046,-31.58456518587413,36.495577862517536,-27.90838147672234
574,-42.30033067477322,1.912543541154757,-53.85401648848965,8.06606793483607
456,36.403331285742716,-17.582824022367344,39.540334463693185,-18.107882265648897
862,-43.515021058416664,15.279010439792229,-45.33340199560676,12.70990558195129
639,45.301195830655466,3.201807864279136,59.9966403134389,2.207796280582947
466,1.669982521801039,7.9709493656761925,-2.5411790100603397,8.95718080598408
658,-7.89243025224137,-14.124170723311286,-7.299746504864288,-15.369358592593272
777,-13.689352417791268,-9.870985483756705,-18.524631411025688,-11.662475448798393
739,-43.25693420632736,15.581841252118151,-54.882438355202304,16.928711978715583
27,43.893501781111574,-22.816387091694764,53.68669118949916,-18.23531080392035
249,-26.397451730627054,-25.730645097083187,-36.57217000327673,-25.71247970744757
292,0.6387432258363868,16.896351190436597,-2.816048443391267,24.477619879579954
477,46.321228874680564,-20.62398269290685,55.23493881931334,-28.93791497228467
265,-13.706878058904469,27.83757028861912,-17.776710974850765,19.342143493172046
819,1.9408089796445585,31.60099223428425,-7.245813705442501,24.268870032414668
247,22.334571612490716,17.873473111579575,26.164643041636566,20.968336738692017
858,32.01321250047453,20.940997758252713,31.744162237657534,29.244878045714884
228,-37.6908799716828,26.347638875469787,-54.249700422729845,20.92252927721602
696,-14.62306233806515,27.57624665216089,-16.227295341089402,29.642227061828287
655,-14.17930797559042,14.21659702066283,-10.831222762435871,18.894773886520177
876,2.510916690900502,-11.437550149680787,-1.612453630960033,-8.43306994566477
294,34.810953890868305,-34.99999999984892,53.71837723232359,-27.74358625435116
22,-42.87678679388205,22.406940892388864,-53.27179658949034,24.93186749733293
210,-2.868062885253947,18.09398950133246,-4.848306263364904,25.146445916194203
89,-39.80178500155264,-1.4239838549479154,-39.82106838021519,2.430057959593114
661,1.5961670403296757,-7.095771002369152,4.305558729195411,-8.480303300929776
148,13.5467183486895,26.51037410933498,22.86933692910739,24.344051757761697
485,-16.38006956045877,20.360790631512675,-18.27504403458947,25.15969920643596
196,-33.39890816149063,23.290908429746374,-31.380333407265205,26.489146691592524
682,-29.5008826003999,17.44536974110945,-30.242347967306596,14.85923739507188
917,-32.17396703963404,17.368947918624283,-32.24517110062244,25.391733845540394
134,-12.586161543807139,32.005634181008986,-7.843339320896433,29.064287012302387
524,-29.50188815249896,-7.05001768415899,-30.572895238924463,-6.669490724651425
882,41.80771999305862,-16.225301692008816,50.99012113570399,-21.93736364225818
67,-42.081881624420085,-8.40622465930087,-55.70091348286955,-7.84927199934917
494,-16.52725225742185,-11.710220465670798,-19.902739540853027,-11.833806398679034
866,-35.14126218122131,-1.446999924317661,-33.54669688638962,3.374681484708276
497,-44.28345862377719,12.647373295354546,-58.81911694661602,11.481363440658193
