Node_x,Node_y,110394ab_실제거리,110394ab_중간값,110394ab_오차율(%),e63ce2f_실제거리,e63ce2f_중간값,e63ce2f_오차율(%),8e610981_실제거리,8e610981_중간값,8e610981_오차율(%),d10485af_실제거리,d10485af_중간값,d10485af_오차율(%),d1044709(식별잘안됨)_실제거리,d1044709(식별잘안됨)_중간값,d1044709(식별잘안됨)_오차율(%),4e610206_실제거리,4e610206_중간값,4e610206_오차율(%),SW_first_team_실제거리,SW_first_team_중간값,SW_first_team_오차율(%),SW_4_실제거리,SW_4_중간값,SW_4_오차율(%),SW_5_실제거리,SW_5_중간값,SW_5_오차율(%),SW_6_실제거리,SW_6_중간값,SW_6_오차율(%),SW_11_실제거리,SW_11_중간값,SW_11_오차율(%),볼링공_실제거리,볼링공_중간값,볼링공_오차율(%)
19,29,30.806,,,22.023,5.71,74.07256050492667,19.799,8.31,58.02818324157786,15.133,15.49,2.359082799180606,15.524,1.69,89.11363050760114,7.071,4.09,42.158110592561165,22.023,13.53,38.5642283067702,15.133,10.96,27.575497257648834,7.071,4.52,36.07693395559327,15.524,9.49,38.86884823499098,30.806,19.73,35.95403492826073,19.799,12.51,36.81499065609374
20,0,19.416,15.54,19.962917181705816,7.0,3.23,53.85714285714286,21.213,8.55,59.69452694102672,31.385,15.38,50.99569858212523,14.866,1.67,88.76631239069016,24.739,,,7.0,4.64,33.71428571428572,31.385,26.82,14.545164887685203,24.739,16.17,34.63761671854157,14.866,10.17,31.588860487017357,19.416,20.0,3.007828594973216,21.213,13.31,37.255456559656814
2,6,19.416,2.88,85.16687268232386,7.0,,,21.213,0.56,97.36010936689766,31.385,5.6,82.15708140831607,14.866,1.11,92.53329745728507,24.739,8.4,66.04551517846315,7.0,11.26,60.857142857142854,31.385,13.69,56.380436514258406,24.739,13.85,44.01552205020414,14.866,10.84,27.08193192519844,19.416,1.67,91.39884631231975,21.213,6.26,70.48979399424881
3,0,19.416,5.28,72.80593325092707,7.0,,,21.213,4.94,76.71239334370433,31.385,1.03,96.71817747331527,14.866,0.34,97.7129019238531,24.739,10.77,56.46549981810097,7.0,11.83,69.0,31.385,19.28,38.569380277202484,24.739,16.89,31.727232305266988,14.866,11.46,22.911341315754065,19.416,2.89,85.11536876802637,21.213,10.63,49.88921887521803
4,15,19.416,3.88,80.0164812525752,7.0,,,21.213,0.22,98.9629001084241,31.385,,,14.866,9.16,38.38288712498318,24.739,10.5,57.55689397307895,7.0,10.87,55.28571428571427,31.385,8.31,73.52238330412618,24.739,8.74,64.67116698330571,14.866,10.52,29.234494820395536,19.416,7.84,59.6209311907705,21.213,0.77,96.37015037948427
5,5,2.236,5.75,157.1556350626118,18.028,,,9.487,1.61,83.02940866448824,21.095,,,15.264,2.44,84.01467505241091,21.633,8.71,59.73743817316137,18.028,15.95,11.526514311071665,21.095,14.71,30.267835980090062,21.633,13.12,39.35191605417649,15.264,9.56,37.36897274633123,2.236,2.77,23.881932021466895,9.487,6.67,29.693264467165598
5,25,4.472,,,18.385,6.24,66.05928746260538,15.133,8.38,44.62433093239939,27.019,,,18.439,1.68,90.88887683713868,26.401,5.42,79.47047460323473,18.385,15.53,15.528963829208605,27.019,1.76,93.48606536141233,26.401,6.49,75.41759781826447,18.439,9.27,49.72612397635447,4.472,13.46,200.9838998211091,15.133,6.81,54.99900878873984
10,20,11.402,5.36,52.990703385370985,17.889,,,1.0,3.71,271.0,12.0,,,11.045,,,13.454,3.75,72.12724840196223,17.889,11.14,37.72709486276482,12.0,6.58,45.166666666666664,13.454,3.89,71.0866656756355,11.045,5.98,45.85785423268447,11.402,12.35,8.31433081915454,1.0,4.53,353.0
15,20,11.402,7.51,34.13436239256271,17.889,,,1.0,6.52,552.0,12.0,,,11.045,1.6,85.51380715255772,13.454,2.2,83.64798572915119,17.889,9.37,47.62144334507239,12.0,8.37,30.250000000000004,13.454,2.72,79.78296417422328,11.045,4.19,62.064282480760525,11.402,15.02,31.73127521487459,1.0,7.66,666.0
17,8,4.123,,,15.133,2.88,80.96874380492963,10.0,8.46,15.399999999999991,22.023,,,13.454,1.71,87.29002527129478,21.024,9.51,54.76598173515982,15.133,2.41,84.07453908676402,22.023,19.41,11.864868546519546,21.024,10.16,51.67427701674278,13.454,4.06,69.82310093652447,4.123,11.24,172.6170264370604,10.0,8.79,12.100000000000009
2,2,4.123,1.2,70.89497938394372,15.133,11.92,21.231745192625382,10.0,9.01,9.900000000000002,22.023,6.51,70.43999455115107,13.454,0.19,98.58778058569942,21.024,,,15.133,11.84,21.760391198044008,22.023,15.52,29.528220496753395,21.024,15.37,26.893074581430753,13.454,11.46,14.820871116396608,4.123,1.53,62.89109871452825,10.0,8.43,15.700000000000003
3,15,4.123,6.61,60.32015522677662,15.133,,,10.0,1.18,88.2,22.023,0.06,99.72755755346684,13.454,9.78,27.307863832317537,21.024,,,15.133,12.11,19.97621092975616,22.023,7.84,64.40085365299913,21.024,8.97,57.33447488584474,13.454,10.23,23.963133640552996,4.123,7.38,78.99587678874605,10.0,1.57,84.3
4,28,4.123,7.42,79.96604414261459,15.133,,,10.0,8.72,12.799999999999995,22.023,0.36,98.36534532080098,13.454,8.7,35.33521629255241,21.024,6.44,69.3683409436834,15.133,17.07,12.799841406198384,22.023,1.11,94.95981473913636,21.024,7.24,65.56316590563166,13.454,11.39,15.341162479559983,4.123,14.91,261.6298811544991,10.0,8.13,18.699999999999992
5,8,4.123,3.19,22.629153528983757,15.133,9.05,40.19692063701843,10.0,3.86,61.40000000000001,22.023,2.53,88.51201017118467,13.454,8.71,35.26088895495763,21.024,,,15.133,11.4,24.667944227846423,22.023,13.63,38.11015756254824,21.024,11.5,45.30060882800609,13.454,7.67,42.99093206481344,4.123,3.76,8.804268736357033,10.0,4.76,52.400000000000006
6,22,4.123,13.4,225.0060635459617,15.133,14.1,6.826141544967948,10.0,4.36,56.39999999999999,22.023,1.18,94.64196521818099,13.454,6.87,48.93711907239483,21.024,9.73,53.71955859969558,15.133,14.77,2.3987312495869926,22.023,3.78,82.83612586841029,21.024,5.72,72.79299847793,13.454,7.68,42.916604727218676,4.123,12.03,191.77783167596408,10.0,4.74,52.6
10,25,21.378,6.93,67.58349705304518,23.431,,,10.0,,,2.236,3.15,40.87656529516993,14.866,7.32,50.76012377236647,9.055,3.63,59.911651021535064,23.431,13.39,42.853484699756734,2.236,5.15,130.32200357781753,9.055,3.02,66.64826062948647,14.866,7.72,48.06942015337011,21.378,14.53,32.03293105061278,10.0,7.38,26.200000000000003
15,9,21.378,8.77,58.97651791561419,23.431,1.09,95.34804319064487,10.0,3.44,65.60000000000001,2.236,,,14.866,3.31,77.73442755280506,9.055,8.72,3.699613473219206,23.431,3.65,84.42234646408605,2.236,15.9,611.0912343470483,9.055,9.82,8.448371065709559,14.866,3.21,78.40710345755414,21.378,10.15,52.52128356254093,10.0,7.75,22.5
17,16,21.378,13.0,39.189821311628776,23.431,2.06,91.2082284153472,10.0,14.62,46.19999999999999,2.236,6.9,208.58676207513415,14.866,1.43,90.38073456208798,9.055,14.84,63.88735505245721,23.431,6.08,74.05147027442277,2.236,11.04,393.7388193202146,9.055,5.92,34.62175593594699,14.866,2.14,85.60473563836943,21.378,12.53,41.38834315651605,10.0,7.89,21.1
18,3,21.378,9.75,54.39236598372158,23.431,2.32,90.09858734155605,10.0,8.36,16.400000000000006,2.236,,,14.866,8.47,43.024350867751906,9.055,,,23.431,3.35,85.70270154922964,2.236,19.34,764.9373881932021,9.055,13.21,45.88625069022641,14.866,7.47,49.751109915242836,21.378,10.62,50.32276171765366,10.0,11.37,13.699999999999992
19,27,21.378,4.81,77.50023388530265,23.431,7.99,65.89987623234177,10.0,7.6,24.000000000000004,2.236,7.2,222.0035778175313,14.866,8.91,40.06457688685591,9.055,1.38,84.75980121479846,23.431,12.55,46.43847893815885,2.236,9.35,318.1574239713774,9.055,3.82,57.81336278299282,14.866,8.51,42.75528050585228,21.378,22.21,3.891851436055762,10.0,11.66,16.6
3,3,18.358,1.21,93.40886806841704,16.401,3.33,79.69635997805011,7.071,,,9.22,5.92,35.791757049891544,7.81,4.22,45.96670934699104,5.657,3.28,42.01873784691533,16.401,12.03,26.650813974757643,9.22,14.9,61.605206073752704,5.657,14.23,151.54675623121796,7.81,11.52,47.50320102432779,18.358,1.71,90.68525983222573,7.071,8.42,19.077923914580687
9,3,18.358,3.86,78.97374441660313,16.401,,,7.071,,,9.22,10.92,18.438177874186543,7.81,3.48,55.44174135723432,5.657,8.85,56.44334452890224,16.401,9.72,40.73532101701115,9.22,16.37,77.54880694143166,5.657,13.31,135.28371928584056,7.81,7.69,1.5364916773367379,18.358,5.19,71.72894650833423,7.071,7.93,12.148211002687031
17,3,18.358,9.46,48.46933217126048,16.401,15.86,3.298579354917385,7.071,8.56,21.05784188940745,9.22,,,7.81,3.19,59.15492957746478,5.657,8.86,56.62011666961286,16.401,4.58,72.07487348332418,9.22,18.08,96.09544468546635,5.657,14.83,162.1530846738554,7.81,7.57,3.0729833546734873,18.358,10.11,44.92864146421179,7.071,10.66,50.7566115118088
4,10,18.358,3.91,78.70138359298399,16.401,2.93,82.13523565636241,7.071,2.67,62.240135765803984,9.22,9.83,6.616052060737521,7.81,8.68,11.139564660691423,5.657,3.62,36.00848506275411,16.401,12.41,24.33388208036095,9.22,13.15,42.62472885032537,5.657,11.93,110.88916386777443,7.81,9.53,22.023047375160047,18.358,4.88,73.41758361477285,7.071,6.23,11.893650120209296
17,10,18.358,6.4,65.13781457675127,16.401,5.46,66.70934699103712,7.071,,,9.22,9.95,7.917570498915386,7.81,1.12,85.65941101152369,5.657,,,16.401,4.76,70.97737942808365,9.22,13.58,47.28850325379609,5.657,8.77,55.02916740321725,7.81,2.85,63.50832266325224,18.358,11.2,38.99117550931474,7.071,8.35,18.087964927167302
6,18,21.26,3.92,81.56161806208844,13.928,2.67,80.82998276852383,11.18,1.71,84.70483005366725,13.038,5.17,60.3466789384875,6.0,8.76,46.0,4.123,,,13.928,11.65,16.355542791499143,13.038,8.58,34.192360791532444,4.123,7.73,87.4848411350958,6.0,8.99,49.833333333333336,21.26,9.31,56.20884289746002,11.18,2.31,79.3381037567084
16,18,21.26,,,13.928,3.25,76.66570936243538,11.18,2.72,75.67084078711986,13.038,8.55,34.42245743212149,6.0,2.32,61.33333333333334,4.123,4.33,5.020616056269703,13.928,7.47,46.36703044227456,13.038,9.42,27.749654855039118,4.123,4.14,0.41232112539411736,6.0,3.93,34.5,21.26,13.76,35.27751646284102,11.18,6.98,37.56708407871198
3,24,21.26,3.46,83.72530573847601,13.928,,,11.18,,,13.038,1.63,87.49808252799511,6.0,9.16,52.66666666666667,4.123,9.16,122.16832403589619,13.928,21.77,56.303848363009756,13.038,2.18,83.2796441171959,4.123,9.16,122.16832403589619,6.0,11.4,90.0,21.26,12.75,40.02822201317028,11.18,7.05,36.94096601073345
9,24,21.26,,,13.928,12.06,13.41183228029868,11.18,5.8,48.1216457960644,13.038,3.25,75.07286393618654,6.0,,,4.123,3.11,24.56948823672084,13.928,13.37,4.0063182079264905,13.038,4.07,68.7835557600859,4.123,3.28,20.446276982779537,6.0,7.73,28.83333333333334,21.26,19.88,6.491063029162758,11.18,7.49,33.005366726296955
17,26,21.26,5.71,73.1420507996237,13.928,7.42,46.72601952900632,11.18,5.99,46.422182468694096,13.038,,,6.0,7.05,17.499999999999996,4.123,2.06,50.03638127577007,13.928,13.59,2.4267662263067273,13.038,8.04,38.334100322135306,4.123,2.77,32.81591074460345,6.0,9.61,60.16666666666666,21.26,16.94,20.319849482596425,11.18,10.45,6.529516994633278
1,0,21.26,2.3,89.18156161806209,13.928,,,11.18,8.86,20.751341681574242,13.038,16.22,24.405583678478283,6.0,6.47,7.8333333333333295,4.123,16.27,294.6155711860295,13.928,12.15,12.765651924181507,13.038,16.63,27.550237766528596,4.123,16.37,297.0409895707009,6.0,11.91,98.5,21.26,1.86,91.25117591721543,11.18,9.57,14.400715563506255
1,3,16.492,0.73,95.57361144797477,3.162,,,13.892,9.33,32.839044054131875,23.022,14.46,37.190513421944225,6.325,,,16.279,14.64,10.068186006511452,3.162,11.75,271.6002530044276,23.022,14.22,38.23299452697419,16.279,15.13,7.058173106456166,6.325,11.06,74.86166007905139,16.492,0.51,96.90759155954403,13.892,7.4,46.73193204722142
1,6,2.236,6.14,174.59749552772806,18.682,,,13.342,6.39,52.106131014840365,25.08,,,17.692,5.33,69.87338910241917,25.06,14.24,43.17637669592976,18.682,11.32,39.406915747778605,25.08,12.44,50.398724082934606,25.06,13.25,47.12689545091779,17.692,10.61,40.02939181550984,2.236,3.72,66.36851520572449,13.342,6.08,54.429620746514765
1,9,2.236,4.14,85.15205724508047,18.682,,,13.342,,,25.08,10.91,56.499202551834124,17.692,4.68,73.54736604114855,25.06,11.84,52.75339185953711,18.682,11.44,38.76458623273739,25.08,10.74,57.17703349282296,25.06,12.05,51.915403032721464,17.692,9.74,44.94686864119376,2.236,6.14,174.59749552772806,13.342,5.05,62.14960275820718
13,2,2.236,,,18.682,13.57,27.363237340755802,13.342,7.32,45.135661819817116,25.08,15.73,37.28070175438596,17.692,,,25.06,,,18.682,6.48,65.31420618777433,25.08,20.58,17.942583732057418,25.06,13.75,45.13168395849959,17.692,6.99,60.49061722812571,2.236,7.57,238.5509838998211,13.342,9.16,31.344625993104486
13,4,11.18,,,18.788,,,2.0,,,12.042,14.69,21.989702707191494,12.042,6.03,49.925261584454404,14.213,7.48,47.372124111728695,18.788,4.47,76.20821801149671,12.042,17.21,42.91645905995683,14.213,12.93,9.02694716104974,12.042,5.46,54.65869456900847,11.18,7.41,33.72093023255814,2.0,8.55,327.50000000000006
13,7,11.18,,,18.788,,,2.0,,,12.042,4.71,60.88689586447435,12.042,4.21,65.03903006145158,14.213,6.53,54.05614578203053,18.788,4.12,78.0711092186502,12.042,14.35,19.166251453246968,14.213,10.94,23.02821360726096,12.042,4.0,66.78292642418204,11.18,8.4,24.86583184257602,2.0,6.53,226.5
15,2,11.18,,,18.788,,,2.0,,,12.042,4.93,59.05995681780435,12.042,7.01,41.78707855837901,14.213,6.46,54.54865264194751,18.788,4.46,76.26144347455822,12.042,17.48,45.158611526324535,14.213,13.85,2.5539998592837514,12.042,7.28,39.54492609201129,11.18,9.35,16.36851520572451,2.0,9.72,386.00000000000006
15,5,24.187,,,26.401,,,13.038,,,1.0,4.69,369.00000000000006,17.804,5.56,68.77106268254325,10.77,6.42,40.389972144846794,26.401,3.24,87.72773758569753,1.0,15.02,1402.0,10.77,12.26,13.834726090993504,17.804,5.74,67.76005392046731,24.187,9.1,62.37648323479556,13.038,8.42,35.41954287467403
15,8,24.187,7.73,68.04068301153512,26.401,,,13.038,,,1.0,4.51,351.0,17.804,3.38,81.01550213435183,10.77,6.42,40.389972144846794,26.401,3.55,86.55353963865005,1.0,14.51,1351.0,10.77,10.42,3.249767873723302,17.804,3.94,77.87014154122669,24.187,9.8,59.482366560549046,13.038,7.79,40.25157232704403
1,1,5.657,1.07,81.08538094396323,15.033,,,7.0,,,19.026,5.67,70.19867549668875,11.662,3.45,70.41673812382095,18.358,10.38,43.45789301666848,15.033,12.0,20.17561364997006,19.026,15.58,18.112057184904863,18.358,16.09,12.354286959363767,11.662,11.95,2.469559252272324,5.657,1.45,74.3680395969595,7.0,9.3,32.85714285714287
1,3,5.657,4.3,23.98797949443168,15.033,,,7.0,5.75,17.857142857142858,19.026,,,11.662,0.9,92.28262733664894,18.358,5.32,71.0208083669245,15.033,11.28,24.965076830971864,19.026,14.37,24.47177546515295,18.358,15.5,15.56814467806951,11.662,10.9,6.534042188303897,5.657,0.68,87.97949443167758,7.0,7.6,8.571428571428566
1,7,18.682,7.96,57.39214216893266,20.518,,,7.071,6.07,14.156413520011307,5.385,1.5,72.14484679665738,12.042,5.15,57.233017771134364,8.246,1.4,83.02207130730051,20.518,11.15,45.65747148844916,5.385,12.58,133.61188486536676,8.246,13.43,62.86684453068153,12.042,9.3,22.770303936223215,18.682,4.45,76.18028048388824,7.071,6.29,11.045113845283549
3,2,22.847,6.56,71.28725872105748,20.591,,,11.18,5.84,47.76386404293381,6.325,5.95,5.928853754940711,12.083,0.05,99.58619548125465,4.123,1.57,61.920931360659715,20.591,10.29,50.02671069884902,6.325,155.42,2357.2332015810275,4.123,14.64,255.08125151588646,12.083,9.9,18.066705288421748,22.847,1.68,92.64673698953911,11.18,8.07,27.817531305903394
3,4,22.847,6.41,71.9438000612772,20.591,,,11.18,5.87,47.49552772808587,6.325,5.01,20.7905138339921,12.083,,,4.123,0.83,79.86902740722775,20.591,10.23,50.318100140838226,6.325,14.62,131.1462450592885,4.123,14.22,244.89449430026679,12.083,9.01,25.432425722088887,22.847,8.07,64.67807589617894,11.18,7.1,36.493738819320214
4,6,22.847,9.08,60.25736420536614,20.591,6.04,70.66679617308533,11.18,6.21,44.45438282647585,6.325,9.29,46.87747035573121,12.083,2.01,83.36505834643715,4.123,1.86,54.887218045112775,20.591,9.71,52.84347530474479,6.325,13.29,110.1185770750988,4.123,12.94,213.84913897647345,12.083,8.34,30.977406273276507,22.847,2.97,87.0004814636495,11.18,6.44,42.39713774597495
5,8,22.847,5.46,76.1018952160021,20.591,,,11.18,,,6.325,1.85,70.75098814229248,12.083,4.99,58.7023090292146,4.123,3.01,26.9949066213922,20.591,8.8,57.26288184158127,6.325,12.72,101.10671936758892,4.123,10.94,165.3407712830463,12.083,6.64,45.04675991061823,22.847,4.99,78.15905808202389,11.18,4.76,57.42397137745975
10,3,22.847,5.09,77.72136385521075,20.591,,,11.18,1.25,88.81932021466905,6.325,7.85,24.110671936758884,12.083,6.04,50.01241413556235,4.123,6.59,59.83507154984233,20.591,6.49,68.48137535816619,6.325,14.81,134.15019762845847,4.123,15.74,281.7608537472714,12.083,6.86,43.226020028138706,22.847,6.05,73.51949927780453,11.18,7.42,33.631484794275494
10,7,14.866,5.48,63.13736041974977,5.385,,,11.662,5.41,53.61001543474533,21.095,6.2,70.60914908746149,5.0,5.48,9.600000000000009,15.033,5.77,61.61777423002728,5.385,5.75,6.778087279480041,21.095,14.01,33.58615785731215,15.033,10.66,29.089336792390068,5.0,5.09,1.7999999999999972,14.866,6.36,57.21781245795776,11.662,5.27,54.81049562682217
10,12,20.0,4.4,78.0,9.487,,,12.042,,,17.029,4.77,71.98896000939574,2.828,3.07,8.557284299858557,8.544,6.57,23.103932584269664,9.487,7.06,25.582375882786977,17.029,10.1,40.68941217922368,8.544,8.72,2.0599250936329603,2.828,3.44,21.640735502121643,20.0,7.69,61.55,12.042,3.19,73.50938382328516
4,3,17.029,,,4.472,1.58,64.66905187835421,17.692,7.02,60.32104906172282,27.785,,,11.402,,,21.378,,,4.472,9.29,107.73703041144897,27.785,15.26,45.0782796472917,21.378,12.41,41.94966788287024,11.402,8.4,26.328714260656017,17.029,,,17.692,4.98,71.8516843771196
4,9,29.206,7.08,75.75840580702594,20.025,3.38,83.1210986267166,18.439,10.52,42.947014480177884,15.0,,,13.601,1.67,87.72149106683332,5.831,,,20.025,8.61,57.00374531835206,15.0,12.27,18.200000000000003,5.831,9.37,60.6928485679986,13.601,7.96,41.47489155209176,29.206,0.83,97.15811819489146,18.439,3.58,80.58463040295027
4,15,2.236,9.36,318.6046511627906,17.464,0.6,96.56436097114063,12.166,6.94,42.95577839881638,24.021,,,16.279,1.68,89.67995577123902,23.707,,,17.464,8.2,53.04626660558864,24.021,4.98,79.26814037716997,23.707,6.02,74.60665626186359,16.279,8.64,46.92548682351496,2.236,5.8,159.39177101967798,12.166,,
4,21,2.236,4.19,87.3881932021467,17.464,4.6,73.66010077874485,12.166,3.1,74.51915173434162,24.021,,,16.279,4.56,71.98845137907735,23.707,,,17.464,11.44,34.49381584974805,24.021,1.82,92.42329628241956,23.707,3.68,84.47715864512591,16.279,7.05,56.692671540020875,2.236,8.46,278.3542039355993,12.166,1.92,84.21831333223739
4,28,2.236,1.88,15.921288014311283,17.464,10.29,41.078790655061844,12.166,0.63,94.82163406214038,24.021,,,16.279,7.18,55.894096688985805,23.707,,,17.464,13.91,20.35043518094365,24.021,,,23.707,5.97,74.81756443244612,16.279,8.52,47.66263283985503,2.236,17.57,685.7781753130589,12.166,5.63,53.72349169817524
7,3,8.062,7.58,5.978665343587191,11.705,8.0,31.65313968389577,12.649,4.74,62.52668195114238,24.515,7.0,71.44605343667143,12.53,7.16,42.857142857142854,21.587,3.02,86.01009867049613,11.705,5.61,52.0717642033319,24.515,19.6,20.048949622679988,21.587,11.21,48.070598045119745,12.53,5.97,52.35434956105347,8.062,1.43,82.26246588935749,12.649,5.89,53.435054154478614
7,9,16.031,,,5.0,7.65,53.0,16.971,3.42,79.84797595898885,27.295,,,11.18,7.52,32.73703041144902,21.213,4.41,79.21086126431905,5.0,6.51,30.199999999999992,27.295,13.7,49.8076570800513,21.213,9.87,53.47192759157121,11.18,3.58,67.97853309481216,16.031,2.07,87.08751793400286,16.971,3.19,81.20322903777031
7,15,6.708,,,16.279,8.91,45.2669082867498,5.099,0.76,85.09511668954698,17.0,,,11.705,7.82,33.190944041008116,17.205,7.25,57.86108689334495,16.279,7.6,53.31408563179557,17.0,11.15,34.411764705882355,17.205,6.98,59.43039814007556,11.705,5.8,50.44852627082443,6.708,5.6,16.517590936195596,5.099,,
7,21,17.088,,,4.243,5.09,19.962290831958505,13.0,3.78,70.92307692307693,21.401,13.4,37.38610345310966,4.472,5.92,32.37924865831841,14.318,,,4.243,10.43,145.81663917039828,21.401,3.71,82.6643614784356,14.318,2.58,81.98072356474367,4.472,3.95,11.672629695885513,17.088,10.08,41.01123595505618,13.0,1.58,87.84615384615384
7,27,14.866,2.23,84.99932732409525,17.804,8.07,54.67310716692877,3.162,1.68,46.86907020872865,9.22,,,9.849,10.43,5.899076048329775,10.0,,,17.804,12.61,29.173219501235675,9.22,,,10.0,2.62,73.8,9.849,7.14,27.50533049040512,14.866,12.07,18.808018296784606,3.162,5.2,64.45287792536371
0,4,20.518,4.99,75.67989082756604,11.705,6.72,42.58863733447245,11.402,,,15.0,3.9,74.0,4.123,,,6.325,0.4,93.67588932806323,11.705,12.77,9.09867577958137,15.0,13.65,8.999999999999998,6.325,14.46,128.61660079051384,4.123,12.11,193.71816638370117,20.518,0.63,96.92952529486305,11.402,6.59,42.203122259252766
0,20,20.1,5.7,71.64179104477613,24.042,,,9.22,2.22,75.92190889370933,3.162,7.1,124.5414294750158,15.62,2.23,85.72343149807938,11.0,7.69,30.090909090909086,24.042,14.24,40.77031860910074,3.162,5.98,89.12080961416827,11.0,8.74,20.545454545454543,15.62,10.06,35.59539052496798,20.1,9.36,53.432835820895534,9.22,4.4,52.27765726681128
1,8,21.541,3.56,83.47337635207279,20.248,4.4,78.26945871197155,9.849,2.13,78.37343892780993,5.831,3.9,33.11610358429087,11.662,4.54,61.070142342651344,5.0,1.96,60.8,20.248,11.71,42.16712761754247,5.831,13.38,129.46321385697135,5.0,13.35,167.0,11.662,9.78,16.13788372491855,21.541,1.72,92.01522677684416,9.849,10.26,4.173012488577516
2,15,27.203,3.77,86.14123442267397,19.235,6.89,64.17988042630621,16.279,1.72,89.43424043245899,13.038,1.89,85.50391164289,12.166,1.67,86.27322045043564,3.606,8.06,123.51636161952304,19.235,12.56,34.702365479594484,13.038,11.35,12.946770977143737,3.606,9.59,165.94564614531336,12.166,10.71,11.967779056386647,27.203,6.6,75.73797007682977,16.279,2.02,87.59137539160882
3,26,4.0,7.88,97.0,20.248,,,15.524,,,27.166,0.64,97.64411396598689,19.799,10.02,49.391383403202184,27.295,2.58,90.54771936252062,20.248,16.46,18.708020545239037,27.166,0.34,98.74843554443054,27.295,7.24,73.47499542040666,19.799,9.96,49.694429011566235,4.0,13.27,231.75,15.524,7.26,53.23370265395516
7,4,1.0,7.49,649.0,19.416,5.63,71.00329625051505,12.649,1.51,88.0622974148154,24.187,11.14,53.94220035556291,17.804,7.28,59.11031228937317,24.698,0.94,96.19402380759576,19.416,8.11,58.23032550473837,24.187,15.47,36.04002149915244,24.698,12.88,47.8500283423759,17.804,7.53,57.70613345315658,1.0,3.56,256.0,12.649,6.55,48.217250375523754
10,5,1.0,,,19.416,,,12.649,6.17,51.221440430073514,24.187,4.25,82.42857733493199,17.804,0.67,96.23680071893955,24.698,5.34,78.37881609846951,19.416,5.66,70.84878450762258,24.187,13.26,45.177161284987804,24.698,13.31,46.1089966798931,17.804,5.59,68.60256122219725,1.0,6.77,577.0,12.649,6.48,48.77065380662503
10,10,1.0,6.01,501.0,19.416,10.42,46.33292130201895,12.649,3.64,71.22302158273381,24.187,2.56,89.41580187704139,17.804,3.56,80.00449337227589,24.698,5.39,78.17637055632035,19.416,6.69,65.54388133498146,24.187,11.96,50.55194939430272,24.698,8.42,65.90817070208114,17.804,3.38,81.01550213435183,1.0,6.85,585.0,12.649,3.97,68.61411969325638
11,25,2.0,12.07,503.5,19.026,,,9.849,,,21.213,3.98,81.23792014330834,16.125,7.59,52.93023255813954,22.204,2.8,87.38965952080706,19.026,14.61,23.210343740145067,21.213,4.32,79.63512940178192,22.204,2.67,87.97513961448387,16.125,7.78,51.751937984496124,2.0,14.24,612.0,9.849,7.6,22.834805564016655
15,5,5.0,,,19.105,2.92,84.7160429207014,7.211,8.02,11.218971016502554,18.248,14.81,18.840420868040336,14.866,5.18,65.15538813399704,19.849,3.49,82.41725023930677,19.105,3.02,84.19261973305417,18.248,14.84,18.676019289785188,19.849,11.6,41.558768703713035,14.866,5.51,62.93555764832504,5.0,9.32,86.4,7.211,9.01,24.9479961170434
2,3,12.166,,,8.602,6.87,20.1348523599163,15.264,,,26.571,13.12,50.622859508486705,12.166,,,22.023,12.91,41.379466920946285,8.602,18.74,117.85631248546846,26.571,15.89,40.19796018215347,22.023,15.53,29.4828134223312,12.166,12.11,0.4602991944764174,12.166,1.31,89.23228670064113,15.264,8.69,43.068658280922435
5,10,12.0,,,7.616,,,13.601,2.7,80.1485184912874,24.698,5.2,78.94566361648717,10.198,4.05,60.28633065306923,20.025,2.37,88.16479400749063,7.616,10.1,32.615546218487395,24.698,12.96,47.52611547493724,20.025,10.37,48.2147315855181,10.198,6.83,33.02608354579329,12.0,8.01,33.25,13.601,3.38,75.14888611131533
6,6,12.369,6.99,43.48775163715741,7.0,5.6,20.000000000000004,11.314,,,21.932,7.35,66.48732445741382,7.28,,,17.029,,,7.0,9.4,34.28571428571429,21.932,14.03,36.02954586904979,17.029,12.63,25.832403546890593,7.28,8.04,10.439560439560424,12.369,3.7,70.08650658905329,11.314,6.88,39.19038359554534
7,15,14.142,6.09,56.93678404751803,7.071,2.9,58.98741337858859,16.401,,,27.313,4.13,84.87899535019953,12.0,7.19,40.08333333333333,22.023,,,7.071,11.28,59.524819686041575,27.313,10.85,60.275326767473366,22.023,8.81,59.99636743404621,12.0,9.77,18.58333333333334,14.142,7.91,44.06731721114411,16.401,0.86,94.75641729162857
10,20,14.036,2.25,83.96979196352237,5.385,4.36,19.03435468895078,14.142,,,24.597,5.23,78.73724437939586,9.0,0.64,92.88888888888889,19.026,,,5.385,12.44,131.0120705663881,24.597,5.93,75.8913688661219,19.026,3.64,80.8682855040471,9.0,7.42,17.555555555555557,14.036,12.38,11.798233114847527,14.142,4.67,66.97779663413944
10,25,14.036,,,5.385,9.09,68.80222841225627,14.142,,,24.597,1.43,94.18628288002601,9.0,5.63,37.44444444444445,19.026,2.2,88.4368758540944,5.385,20.23,275.67316620241417,24.597,4.35,82.31491645322599,19.026,3.0,84.23210343740145,9.0,9.45,4.999999999999992,14.036,14.8,5.4431461954973015,14.142,7.53,46.754348748408994
17,20,14.036,,,5.385,3.7,31.290622098421533,14.142,,,24.597,5.29,78.49331219254381,9.0,0.81,90.99999999999999,19.026,2.77,85.44097550720068,5.385,14.38,167.0380687093779,24.597,8.68,64.71114363540269,19.026,2.63,86.17681068012195,9.0,8.44,6.222222222222228,14.036,14.6,4.01823881447706,14.142,8.03,43.21878093621836
18,10,14.036,8.49,39.51268167569108,5.385,1.79,66.75951717734448,14.142,8.2,42.01668788007355,24.597,,,9.0,8.96,0.444444444444435,19.026,15.36,19.26836959949543,5.385,3.56,33.89043639740018,24.597,13.55,44.911981135910885,19.026,9.5,50.06832755177126,9.0,3.27,63.66666666666667,14.036,11.24,19.920205186662862,14.142,9.14,35.36982039315513
20,15,14.56,,,5.099,0.69,86.46793488919397,12.207,,,21.954,9.33,57.502049740366225,6.0,5.83,2.833333333333332,16.031,4.99,68.8728089326929,5.099,6.39,25.318689939203754,21.954,12.39,43.56381525006832,16.031,7.43,53.6522986713243,6.0,3.32,44.66666666666667,14.56,13.94,4.258241758241764,12.207,11.66,4.481035471450811
20,27,3.0,3.12,4.0000000000000036,19.925,,,14.56,2.37,83.72252747252747,26.173,9.46,63.85588201581782,19.105,3.23,83.09343103899502,26.42,2.53,90.4239212717638,19.925,22.97,15.282308657465485,26.173,10.12,61.3341993657586,26.42,5.0,81.07494322482968,19.105,9.29,51.373985867573936,3.0,20.24,574.6666666666666,14.56,12.24,15.934065934065936
1,3,1.0,4.27,326.99999999999994,19.416,0.44,97.73382777091058,12.649,3.17,74.93873033441378,24.187,5.73,76.30958779509653,17.804,7.44,58.211637834194555,24.698,,,19.416,9.4,51.58632056036259,24.187,12.29,49.187580105015094,24.698,13.16,46.716333306340594,17.804,10.41,41.52999325994158,1.0,,,12.649,1.71,86.48114475452606
2,8,1.0,9.57,857.0,19.416,2.0,89.69921714050267,12.649,4.4,65.21464147363427,24.187,1.08,95.53479141687683,17.804,5.25,70.5122444394518,24.698,,,19.416,9.15,52.87391841779975,24.187,9.16,62.128416091288706,24.698,10.08,59.186978702728965,17.804,0.33,98.14648393619412,1.0,6.92,592.0,12.649,0.46,96.36334888133449
3,13,1.0,1.93,93.0,19.416,4.31,77.80181293778328,12.649,3.86,69.48375365641553,24.187,4.19,82.67664447843882,17.804,4.58,74.27544372051224,24.698,,,19.416,8.46,56.427688504326326,24.187,6.29,73.99429445569935,24.698,7.65,69.02583205117824,17.804,6.92,61.13232981352505,1.0,5.6,459.99999999999994,12.649,0.49,96.12617598229109
4,18,3.0,1.86,37.99999999999999,19.0,11.34,40.31578947368421,8.944,4.69,47.562611806797854,20.224,5.1,74.78243670886077,15.652,2.93,81.28034755941734,21.401,,,19.0,15.74,17.157894736842106,20.224,3.28,83.78164556962024,21.401,6.95,67.52488201485912,15.652,10.98,29.849220546894962,3.0,6.71,123.66666666666666,8.944,0.27,96.98121645796066
5,23,2.828,7.68,171.5700141442716,17.72,12.56,29.119638826185096,13.153,3.72,71.7174789021516,25.02,2.29,90.84732214228617,16.971,6.7,60.52088857462731,24.597,11.18,54.547302516567065,17.72,20.12,13.544018058690757,25.02,0.5,98.00159872102319,24.597,4.89,80.1195267715575,16.971,16.74,1.3611454834718146,2.828,9.54,237.34087694483733,13.153,0.45,96.5787272865506
6,6,2.0,2.84,41.99999999999999,17.263,2.12,87.7193998725598,11.18,5.11,54.29338103756708,23.022,1.99,91.35609417079316,15.62,12.46,20.230473751600503,22.825,9.04,60.39430449069003,17.263,6.58,61.88379771766206,23.022,11.09,51.82868560507341,22.825,9.34,59.07995618838993,15.62,5.58,64.27656850192062,2.0,0.86,57.00000000000001,11.18,0.75,93.29159212880143
7,11,3.606,4.85,34.49805879090405,16.031,,,9.055,2.42,73.2744340143567,21.0,3.47,83.47619047619048,13.601,9.58,29.564002646864207,20.591,8.95,56.534408236608236,16.031,6.97,56.52173913043479,21.0,11.56,44.95238095238095,20.591,7.23,64.88757224029916,13.601,2.48,81.76604661421955,3.606,3.92,8.707709373266779,9.055,0.42,95.36167863059083
8,16,5.657,4.92,13.028106770372991,15.033,,,7.0,5.42,22.571428571428573,19.026,3.42,82.02459791863765,11.662,6.82,41.519464928828675,18.358,5.9,67.86142281294258,15.033,8.07,46.31810017960486,19.026,7.08,62.78776411226742,18.358,3.74,79.62741039328904,11.662,6.41,45.035156919910825,5.657,7.19,27.099169170938666,7.0,0.34,95.14285714285714
9,21,5.657,10.77,90.38359554534205,15.033,6.6,56.09658750748354,7.0,4.02,42.57142857142858,19.026,3.53,81.44644171134237,11.662,4.35,62.699365460469906,18.358,3.54,80.71685368776555,15.033,8.55,43.12512472560366,19.026,3.15,83.44370860927151,18.358,1.05,94.28042270399825,11.662,3.16,72.90344709312296,5.657,11.4,101.52024041011136,7.0,0.61,91.28571428571428
10,26,9.055,4.78,47.21148536720044,10.77,13.93,29.34076137418756,13.0,6.87,47.15384615384615,24.739,3.34,86.49905008286511,12.083,4.35,63.99900686915502,21.378,2.67,87.51052483861913,10.77,14.46,34.26183844011143,24.739,1.18,95.23020332268888,21.378,2.6,87.83796426232576,12.083,8.44,30.14979723578582,9.055,15.83,74.82054113749311,13.0,1.09,91.61538461538463
8,19,9.487,2.76,70.90755771055129,10.0,4.44,55.599999999999994,9.434,4.38,53.57218571125715,20.881,4.87,76.67736219529716,8.602,4.17,51.5229016507789,17.464,8.61,50.69857993586807,10.0,9.8,1.9999999999999927,20.881,4.85,76.77314304870457,17.464,2.89,83.45167201099403,8.602,2.55,70.35573122529645,9.487,8.48,10.614525139664801,9.434,0.44,95.33601865592539
11,17,12.042,,,11.18,4.18,62.61180679785331,5.831,,,16.155,6.89,57.35066542865985,5.385,2.73,49.30362116991643,12.649,2.29,81.89580203968693,11.18,6.88,38.46153846153847,16.155,7.05,56.36025998142989,12.649,2.9,77.07328642580441,5.385,0.74,86.25812441968431,12.042,8.7,27.75286497259592,5.831,4.83,17.166866746698684
12,13,3.162,,,16.492,10.84,34.27116177540626,12.042,,,24.0,9.17,61.791666666666664,15.556,1.79,88.49318590897403,23.259,0.99,95.74358312911131,16.492,7.73,53.128789716226045,24.0,5.81,75.79166666666667,23.259,2.94,87.3597317167548,15.556,1.09,92.99305734121882,3.162,9.14,189.0575585072739,12.042,3.61,70.02159109782428
10,10,5.831,,,16.125,8.61,46.6046511627907,6.083,,,18.0,10.48,41.77777777777777,12.083,3.59,70.28883555408424,18.028,3.27,81.86154870201908,16.125,8.1,49.76744186046512,18.0,5.5,69.44444444444444,18.028,2.6,85.57798979365433,12.083,1.34,88.91003889762476,5.831,8.98,54.00445892642771,6.083,3.74,38.517179023508135
9,8,5.831,,,16.125,4.83,70.04651162790697,6.083,,,18.0,11.32,37.111111111111114,12.083,6.4,47.03302160059587,18.028,9.56,46.9713778566674,16.125,5.62,65.14728682170542,18.0,11.63,35.388888888888886,18.028,7.78,56.844907921011746,12.083,2.62,78.31664321774394,5.831,3.16,45.80689418624593,6.083,2.21,63.66924215025481
6,7,6.28,2.61,58.439490445859875,15.331,6.59,57.015197964907706,6.003,,,18.018,11.86,34.17693417693418,11.36,9.61,15.40492957746479,17.597,9.12,48.17298403136899,15.331,8.51,44.49155306242254,18.018,12.18,32.400932400932405,17.597,8.94,49.19588566232881,11.36,6.64,41.54929577464789,6.28,1.8,71.33757961783441,6.003,2.46,59.02048975512244
4,9,11.402,3.05,73.25030696369059,17.889,2.8,84.34792330482419,1.0,,,12.0,10.55,12.083333333333329,11.045,4.37,60.434585785423266,13.454,,,17.889,11.75,34.31717815417295,12.0,10.24,14.666666666666664,13.454,9.67,28.125464545859973,11.045,8.75,20.778632865550023,11.402,1.02,91.05420101736537,1.0,1.35,35.00000000000001
2,12,11.402,5.69,50.09647430275389,17.889,,,1.0,5.68,468.0,12.0,1.85,84.58333333333333,11.045,,,13.454,5.05,62.46469451464248,17.889,9.92,44.546928279948574,12.0,6.73,43.916666666666664,13.454,7.69,42.84227738962391,11.045,6.17,44.1376188320507,11.402,2.75,75.8814243115243,1.0,0.02,98.0
3,15,17.263,4.84,71.96315819961768,21.26,,,6.083,2.65,56.43596909419695,6.0,7.2,20.000000000000004,13.038,,,10.44,2.8,73.18007662835248,21.26,9.1,57.19661335841957,6.0,4.85,19.166666666666675,10.44,6.05,42.04980842911878,13.038,8.17,37.33701487958276,17.263,4.92,71.4997393268841,6.083,-1.26,120.71346375143844
5,18,24.187,4.21,82.59395543060322,26.401,4.78,81.89462520359076,13.038,2.77,78.75441018561129,1.0,5.2,420.0,17.804,4.89,72.53426196360367,10.77,7.17,33.42618384401114,26.401,8.51,67.76637248589068,1.0,5.42,442.0,10.77,4.03,62.58124419684308,17.804,4.21,76.35362839811278,24.187,14.72,39.14086079298797,13.038,0.41,96.85534591194968
5,5,24.187,4.16,82.80067805019226,26.401,10.0,62.12264686943676,13.038,2.41,81.51556987267986,1.0,2.31,131.0,17.804,,,10.77,,,26.401,8.57,67.5391083671073,1.0,14.67,1367.0,10.77,12.85,19.312906220984217,17.804,7.44,58.211637834194555,24.187,3.77,84.41311448298673,13.038,6.64,49.07194354962418
5,10,6.083,,,13.601,9.91,27.137710462465996,12.166,2.48,79.61532138747329,24.187,2.32,90.40807045106875,13.601,,,22.136,7.7,65.21503433321287,13.601,11.3,16.9178736857584,24.187,12.18,49.642369868110976,22.136,11.01,50.26201662450307,13.601,9.66,28.975810602161612,6.083,3.89,36.05129048167023,12.166,3.14,74.19036659542988
5,25,7.81,7.7,1.408450704225345,13.153,0.83,93.68965255074887,6.325,7.46,17.94466403162055,18.248,,,9.434,3.1,67.14013143947425,16.553,,,13.153,13.82,5.071086444157225,18.248,3.69,79.7786058746164,16.553,6.19,62.6049658672144,9.434,8.67,8.098367606529568,7.81,13.15,68.37387964148529,6.325,6.17,2.450592885375498
15,20,12.53,,,15.264,7.16,53.09224318658281,2.0,3.62,81.0,12.369,,,8.062,2.24,72.21533118332918,11.402,2.19,80.79284336081389,15.264,8.63,43.461740041928714,12.369,7.68,37.909289352413296,11.402,2.71,76.23223995790212,8.062,3.58,55.59414537335648,12.53,13.01,3.8308060654429403,2.0,6.9,245.00000000000003
11,0,12.53,,,15.264,5.82,61.87106918238994,2.0,7.14,257.0,12.369,5.94,51.97671598350715,8.062,2.26,71.96725378318035,11.402,6.31,44.65883178389756,15.264,7.35,51.84748427672956,12.369,17.79,43.827310211011394,11.402,15.95,39.8877389931591,8.062,8.22,1.9598114611759025,12.53,5.87,53.152434158020746,2.0,9.1,355.0
11,14,18.028,6.62,63.2793432438429,19.105,7.71,59.64407223239989,6.325,,,6.708,5.74,14.430530709600475,10.63,2.7,74.60018814675446,7.616,7.75,1.7594537815126094,19.105,7.29,61.842449620518195,6.708,9.14,36.25521765056649,7.616,8.9,16.859243697479002,10.63,4.74,55.40921919096896,18.028,7.89,56.23474595074328,6.325,3.93,37.865612648221344
11,28,23.77,7.63,67.90071518721076,23.854,3.86,83.81822755093485,12.166,,,3.0,3.15,4.9999999999999964,15.264,6.89,54.86111111111111,7.616,7.64,0.3151260504201684,23.854,16.28,31.751488220005026,3.0,4.69,56.33333333333334,7.616,4.63,39.206932773109244,15.264,10.09,33.89675052410902,23.77,15.84,33.36137989061842,12.166,9.21,24.29722176557619
20,0,23.77,,,23.854,3.8,84.06975769263016,12.166,,,3.0,5.9,96.66666666666669,15.264,3.5,77.07023060796647,7.616,7.62,0.05252100840336723,23.854,3.68,84.5728179760208,3.0,20.07,569.0,7.616,15.12,98.52941176470587,15.264,10.23,32.97955974842767,23.77,11.91,49.8948254101809,12.166,13.71,12.691106361992441
20,15,1.0,2.71,171.0,20.224,5.02,75.17800632911393,12.083,,,23.345,3.63,84.45063182694368,18.028,1.24,93.1218105169736,24.413,6.49,73.415803055749,20.224,5.89,70.87618670886076,23.345,12.32,47.2263868065967,24.413,6.19,74.64465653545241,18.028,2.44,86.46549811404482,1.0,12.94,1194.0,12.083,9.17,24.10825126210378
20,30,16.031,8.18,48.973863140165925,23.854,4.87,79.58413683239708,7.071,3.37,52.340545891670196,8.062,,,16.155,2.26,86.01052305787682,14.56,5.97,58.99725274725275,23.854,13.91,41.686928816969896,8.062,11.58,43.6368146861821,14.56,4.63,68.20054945054945,16.155,10.16,37.10925410089756,16.031,19.92,24.259247707566608,7.071,12.53,77.20265874699477
2,2,4.0,,,19.026,5.6,70.56659308314937,8.062,10.33,28.131977176879197,19.235,2.73,85.80712243306472,15.232,,,20.616,,,19.026,13.02,31.567328918322296,19.235,15.77,18.014036911879387,20.616,15.8,23.360496701590993,15.232,11.56,24.10714285714285,4.0,1.59,60.25,8.062,8.56,6.17712726370629
2,8,11.045,4.3,61.068356722498876,19.698,,,3.0,,,12.166,11.28,7.282590826894632,13.038,6.27,51.90980211688909,15.0,11.99,20.066666666666666,19.698,12.53,36.38948116560057,12.166,13.11,7.759329278316613,15.0,12.45,17.000000000000004,13.038,8.75,32.88847982819451,11.045,3.66,66.86283386147578,3.0,4.97,65.66666666666666
18,8,22.091,,,25.495,,,11.18,3.85,65.56350626118068,1.414,1.28,9.476661951909469,16.971,,,11.18,3.7,66.90518783542039,25.495,1.96,92.31221808197687,1.414,17.3,1123.4794908062236,11.18,10.1,9.66010733452594,16.971,5.79,65.88297684284957,22.091,14.42,34.72454845864832,11.18,9.7,13.237924865831847
18,2,6.0,4.17,30.5,13.342,10.95,17.928346574726437,11.18,,,23.195,2.82,87.84220737227851,12.806,4.04,68.45228799000468,21.19,,,13.342,3.72,72.11812321990706,23.195,17.95,22.612632032765685,21.19,13.89,34.450212364322795,12.806,7.86,38.62252069342495,6.0,10.32,72.00000000000001,11.18,11.16,0.17889087656529135
10,5,9.055,,,10.198,,,11.18,4.88,56.35062611806798,22.804,4.66,79.5649885984915,10.296,,,19.416,3.66,81.1495673671199,10.198,7.22,29.201804275348113,22.804,14.42,36.765479740396415,19.416,12.38,36.23815409971157,10.296,6.44,37.45143745143744,9.055,5.63,37.824406405300934,11.18,7.06,36.85152057245081
10,10,9.055,3.64,59.801214798453884,10.198,6.2,39.20376544420475,11.18,,,22.804,1.45,93.64146640940186,10.296,3.61,64.93783993783994,19.416,,,10.198,7.09,30.47656403216317,22.804,13.45,41.019119452727594,19.416,9.37,51.74083230325506,10.296,4.15,59.693084693084685,9.055,7.4,18.27719491993373,11.18,4.42,60.46511627906976
10,15,9.055,,,10.198,,,11.18,2.72,75.67084078711986,22.804,6.85,69.96141027889844,10.296,2.75,73.29059829059828,19.416,3.84,80.22249690976514,10.198,9.72,4.687193567366148,22.804,8.5,62.72583757235572,19.416,6.48,66.62546353522868,10.296,7.16,30.458430458430453,9.055,9.01,0.49696300386526704,11.18,3.28,70.6618962432916
15,5,9.055,5.42,40.14356709000552,10.198,4.74,53.520298097666206,11.18,3.75,66.45796064400716,22.804,,,10.296,,,19.416,5.15,73.4754841367944,10.198,3.86,62.149441066875866,22.804,15.29,32.950359586037536,19.416,12.38,36.23815409971157,10.296,5.33,48.232323232323225,9.055,8.51,6.018774157923799,11.18,8.73,21.914132379248652
15,15,10.817,2.25,79.19940833872609,10.44,,,7.071,,,18.028,,,6.403,0.94,85.31938153990316,14.56,4.54,68.81868131868131,10.44,7.49,28.256704980842905,18.028,10.86,39.76037275349456,14.56,5.84,59.89010989010989,6.403,1.27,80.1655473996564,10.817,11.67,7.885735416474065,7.071,6.97,1.4283693961250175
15,25,10.817,2.26,79.10696126467597,10.44,,,7.071,,,18.028,6.19,65.66452185489237,6.403,,,14.56,1.47,89.90384615384615,10.44,14.73,41.09195402298852,18.028,7.19,60.11759485245173,14.56,1.65,88.66758241758241,6.403,8.5,32.75027330938624,10.817,15.64,44.587223814366276,7.071,9.17,29.6846273511526
5,5,10.817,5.38,50.26347416104281,10.44,12.96,24.137931034482772,7.071,,,18.028,12.54,30.441535389394275,6.403,6.55,2.295798844291742,14.56,,,10.44,9.27,11.206896551724139,18.028,14.37,20.29065897492789,14.56,13.02,10.576923076923082,6.403,8.36,30.56379821958457,10.817,3.12,71.15651289636683,7.071,6.25,11.610804695234052
5,20,10.817,2.88,73.37524267356939,10.44,4.11,60.63218390804597,7.071,7.03,0.5798331211992573,18.028,,,6.403,,,14.56,5.93,59.27197802197802,10.44,15.51,48.5632183908046,18.028,5.89,67.32859995562458,14.56,6.59,54.73901098901099,6.403,9.25,44.463532719037964,10.817,11.56,6.868817601922903,7.071,4.46,36.92547023051902
6,15,10.817,5.61,48.13719145789035,10.44,6.72,35.63218390804598,7.071,,,18.028,,,6.403,,,14.56,6.96,52.197802197802204,10.44,11.63,11.398467432950204,18.028,8.11,55.014422010206346,14.56,7.42,49.03846153846154,6.403,8.75,36.654693112603475,10.817,9.59,11.343255985948048,7.071,1.17,83.45354263894782
10,5,23.259,,,20.125,13.47,33.06832298136646,11.662,5.49,52.92402675355857,7.28,13.47,85.02747252747253,11.705,5.81,50.363092695429316,3.162,,,20.125,6.43,68.04968944099379,7.28,14.32,96.7032967032967,3.162,12.49,295.0031625553447,11.705,6.09,47.970952584365655,23.259,6.4,72.48376972354788,11.662,7.05,39.54724747041675
10,10,23.259,6.05,73.98856356679134,20.125,10.36,48.52173913043479,11.662,3.93,66.3008060367004,7.28,3.23,55.631868131868146,11.705,,,3.162,4.74,49.90512333965845,20.125,8.01,60.19875776397515,7.28,13.59,86.67582417582416,3.162,9.05,186.21125869702723,11.705,4.03,65.57026911576249,23.259,7.82,66.37860613096007,11.662,4.44,61.9276281941348
10,20,14.036,3.63,74.13793103448275,5.385,5.15,4.363974001857,14.142,0.71,94.97949370668928,24.597,3.01,87.76273529292192,9.0,,,19.026,2.77,85.44097550720068,5.385,11.54,114.29897864438254,24.597,6.28,74.4684311094849,19.026,3.54,81.39388205613372,9.0,5.35,40.555555555555564,14.036,12.73,9.30464519806212,14.142,5.0,64.64432187809362
10,25,14.036,,,5.385,3.23,40.018570102135556,14.142,3.27,76.87738650827323,24.597,,,9.0,,,19.026,2.12,88.85735309576368,5.385,13.64,153.29619312906223,24.597,4.49,81.7457413505712,19.026,4.93,74.08808998212973,9.0,9.18,1.999999999999997,14.036,15.17,8.079224850384728,14.142,8.66,38.76396549285815
15,5,14.036,1.77,87.38956967797094,5.385,,,14.142,9.14,35.36982039315513,24.597,15.31,37.756636988250605,9.0,7.92,12.000000000000002,19.026,8.7,54.27309996846421,5.385,7.27,35.00464252553389,24.597,15.6,36.57763141846567,19.026,12.23,35.719541679806575,9.0,5.93,34.111111111111114,14.036,8.75,37.66030208036478,14.142,9.43,33.31919106208457
15,15,14.036,0.55,96.08150470219435,5.385,9.29,72.5162488393686,14.142,5.71,59.62381558478291,24.597,4.82,80.40411432288491,9.0,,,19.026,,,5.385,6.1,13.277623026926646,24.597,11.33,53.93747204943693,19.026,8.54,55.114054451802794,9.0,1.18,86.8888888888889,14.036,12.0,14.505557138785976,14.142,8.11,42.65309008626786
15,20,1.414,,,18.439,9.27,49.72612397635447,12.369,2.15,82.61783490985528,24.083,2.27,90.57426400365402,17.029,3.29,80.6800164425392,24.187,2.25,90.69748211849341,18.439,10.97,40.50653506155431,24.083,8.12,66.28327035668315,24.187,3.12,87.10050853764419,17.029,5.96,65.00088085031418,1.414,14.8,946.6760961810469,12.369,8.24,33.38184170102676
3,3,7.211,10.34,43.3920399389821,15.297,5.21,65.94103418971041,5.0,,,17.029,7.77,54.37195372599683,10.77,2.87,73.35190343546888,16.643,,,15.297,10.23,33.12414198862522,17.029,15.54,8.743907451993662,16.643,14.21,14.618758637264914,10.77,9.89,8.170844939647159,7.211,1.1,84.74552766606574,5.0,7.19,43.800000000000004
7,5,7.211,1.62,77.53432256275136,15.297,,,5.0,5.55,10.999999999999996,17.029,2.46,85.55405484761289,10.77,6.95,35.46889507892293,16.643,,,15.297,7.78,49.1403543178401,17.029,14.25,16.319220153855188,16.643,12.38,25.614372408820525,10.77,6.89,36.025998142989785,7.211,6.21,13.881569823880188,5.0,5.93,18.599999999999994
5,12,7.211,9.37,29.940368880876424,15.297,,,5.0,4.7,5.9999999999999964,17.029,7.82,54.07833695460684,10.77,2.31,78.55153203342617,16.643,,,15.297,9.92,35.150683140485064,17.029,11.04,35.169416877092026,16.643,8.83,46.94466141921529,10.77,7.19,33.24048282265552,7.211,9.62,33.40729441131603,5.0,1.62,67.6
9,18,7.211,10.51,45.749549299681036,15.297,4.64,69.66725501732365,5.0,1.04,79.2,17.029,2.27,86.66979857889483,10.77,4.19,61.09563602599813,16.643,,,15.297,10.94,28.482709027913977,17.029,7.28,57.249398085618644,16.643,4.68,71.88006969897255,10.77,3.86,64.15970287836583,7.211,11.38,57.81445014561088,5.0,3.26,34.800000000000004
4,24,7.211,7.65,6.087921231451949,15.297,,,5.0,1.5,70.0,17.029,1.74,89.78213635562862,10.77,,,16.643,,,15.297,18.29,19.565927959730654,17.029,1.45,91.48511362969053,16.643,7.21,56.67848344649402,10.77,8.65,19.684308263695442,7.211,15.31,112.31451948412148,5.0,9.35,86.99999999999999
11,26,7.211,9.4,30.356399944529187,15.297,1.82,88.10224226972608,5.0,4.82,3.5999999999999943,17.029,,,10.77,4.09,62.024141132776236,16.643,2.02,87.8627651264796,15.297,16.05,4.922533830162778,17.029,4.22,75.21874449468554,16.643,3.06,81.61389172625128,10.77,8.83,18.01299907149489,7.211,17.33,140.32727777007347,5.0,10.8,116.00000000000001
17,23,7.211,9.11,26.334766329219235,15.297,1.74,88.62522063149638,5.0,,,17.029,4.84,71.57789652944976,10.77,4.16,61.374187558031565,16.643,10.53,36.73015682268822,15.297,14.76,3.5104922533830214,17.029,9.33,45.21111045862939,16.643,1.77,89.36489815538064,10.77,6.98,35.1903435468895,7.211,16.32,126.32089862709748,5.0,9.13,82.60000000000002
17,17,5.385,5.72,6.220984215413184,14.036,9.66,31.17697349672271,9.055,,,21.095,4.78,77.34060203839772,12.042,1.92,84.05580468360738,19.698,2.27,88.47598740988933,14.036,10.26,26.90225135366201,21.095,10.42,50.60440862763688,19.698,4.46,77.3581074220733,12.042,3.34,72.263743564192,5.385,16.71,210.3064066852368,9.055,7.52,16.951960242959693
18,9,5.385,1.56,71.03064066852367,14.036,,,9.055,,,21.095,11.85,43.82555107845461,12.042,3.63,69.8555057299452,19.698,2.95,85.02386029038482,14.036,2.83,79.8375605585637,21.095,14.75,30.078217587105943,19.698,10.56,46.390496497106305,12.042,3.93,67.36422521175885,5.385,11.08,105.75673166202415,9.055,8.75,3.368304803975701
16,4,5.385,,,14.036,2.99,78.6976346537475,9.055,2.46,72.83268912203202,21.095,15.72,25.479971557241043,12.042,5.23,56.568676299618005,19.698,11.16,43.344501979896435,14.036,3.32,76.34653747506411,21.095,16.82,20.26546575017776,19.698,11.84,39.892374860391925,12.042,8.01,33.482810164424514,5.385,10.45,94.05756731662024,9.055,8.93,1.3804527885146327
3,3,12.53,6.53,47.88507581803671,15.264,,,2.0,,,12.369,6.88,44.37707171153691,8.062,5.57,30.91044405854626,11.402,1.81,84.12559200140326,15.264,7.98,47.72012578616352,12.369,11.58,6.378850351685664,11.402,10.38,8.963339764953504,8.062,5.7,29.297940957578756,12.53,-0.1,100.79808459696729,2.0,9.78,388.99999999999994
3,6,12.53,9.04,27.853152434158023,15.264,1.5,90.17295597484278,2.0,2.6,30.000000000000004,12.369,2.18,82.37529307138814,8.062,,,11.402,,,15.264,7.07,53.681865828092235,12.369,8.32,32.73506346511439,11.402,7.55,33.783546746184875,8.062,4.99,38.104688662862806,12.53,3.05,75.65841979249801,2.0,0.33,83.5
3,12,18.358,6.71,63.44917747031267,16.401,3.02,81.58648862874215,7.071,,,9.22,1.92,79.17570498915401,7.81,6.66,14.724711907810493,5.657,,,16.401,15.2,7.322724224132678,9.22,1.05,88.6117136659436,5.657,3.36,40.604560721230335,7.81,5.63,27.912932138284248,18.358,10.36,43.56683734611614,7.071,10.84,53.30222033658606
3,15,18.358,12.49,31.96426625994117,16.401,1.04,93.65892323638802,7.071,,,9.22,5.32,42.29934924078091,7.81,9.63,23.303457106274024,5.657,,,16.401,15.77,3.8473263825376516,9.22,-1.19,112.90672451193058,5.657,3.81,32.64981438925225,7.81,8.19,4.865556978233034,18.358,19.9,8.399607800413978,7.071,8.97,26.8561731014001
8,15,18.358,,,16.401,8.39,48.84458264739954,7.071,,,9.22,1.64,82.21258134490239,7.81,,,5.657,8.8,55.55948382534913,16.401,6.39,61.038961038961034,9.22,6.79,26.355748373101957,5.657,4.27,24.518295916563556,7.81,6.21,20.4865556978233,18.358,7.03,61.70606819915023,7.071,-0.54,107.63682647433177
6,3,18.358,5.86,68.0793114718379,16.401,9.97,39.21102371806597,7.071,3.78,46.542214679677556,9.22,,,7.81,,,5.657,11.36,100.81315184726887,16.401,3.95,75.91610267666607,9.22,11.84,28.41648590021691,5.657,10.42,84.19657062047021,7.81,3.79,51.47247119078104,18.358,3.55,80.66238152304173,7.071,4.01,43.28949229246217
6,6,18.358,1.28,93.02756291535025,16.401,2.62,84.02536430705445,7.071,3.68,47.956441804553805,9.22,10.67,15.726681127982637,7.81,,,5.657,3.84,32.11949796712039,16.401,4.18,74.51374916163648,9.22,10.38,12.58134490238612,5.657,5.98,5.709740144953162,7.81,1.32,83.09859154929578,18.358,4.14,77.44852380433598,7.071,1.61,77.23094328949229
6,12,22.847,2.86,87.48194511314396,20.591,0.86,95.82341799815454,11.18,3.02,72.98747763864043,6.325,5.49,13.201581027667983,12.083,,,4.123,,,20.591,9.49,53.911903258705266,6.325,3.24,48.77470355731225,4.123,0.79,80.8391947610963,12.083,3.51,70.95092278407681,22.847,12.65,44.63168030813674,11.18,2.19,80.41144901610018
6,15,22.847,6.16,73.03803562831006,20.591,1.05,94.90068476518867,11.18,2.23,80.05366726296958,6.325,1.0,84.18972332015811,12.083,2.2,81.79260117520482,4.123,2.37,42.51758428328887,20.591,12.24,40.55655383419941,6.325,1.35,78.65612648221342,4.123,0.54,86.90274072277468,12.083,6.39,47.11578250434495,22.847,12.9,43.53744474110386,11.18,5.83,47.853309481216456
16,15,22.847,1.29,94.35374447411039,20.591,4.87,76.34889029187508,11.18,,,6.325,1.0,84.18972332015811,12.083,2.17,82.04088388645204,4.123,,,20.591,6.85,66.73303870623089,6.325,9.3,47.03557312252965,4.123,3.04,26.267281105990786,12.083,-0.12,100.99313084498883,22.847,10.63,53.47310368976233,11.18,4.92,55.99284436493739
0,0,22.847,5.2,77.2399002057163,20.591,10.6,48.52119858190472,11.18,1.3,88.3720930232558,6.325,,,12.083,4.8,60.27476620044692,4.123,7.4,79.48096046568033,20.591,12.3,40.26516439221019,6.325,16.9,167.19367588932806,4.123,16.6,302.61945185544505,12.083,12.5,3.451129686336173,22.847,2.4,89.49533855648446,11.18,10.0,10.554561717352414
0,15,22.847,,,20.591,,,11.18,7.6,32.021466905187836,6.325,2.9,54.1501976284585,12.083,2.5,79.30977406273276,4.123,6.0,45.52510308028134,20.591,12.3,40.26516439221019,6.325,7.7,21.73913043478261,4.123,11.1,169.22144069852047,12.083,10.8,10.61822395100554,22.847,8.5,62.795990720882386,11.18,3.0,73.16636851520573
5,10,22.627,2.8,87.62540327926813,13.342,,,13.0,2.4,81.53846153846153,14.765,9.3,37.013206908228916,6.325,,,5.0,5.9,18.000000000000007,13.342,10.9,18.303102983061013,14.765,11.6,21.435827971554357,5.0,10.4,108.0,6.325,6.9,9.090909090909093,22.627,5.5,75.69275644141953,13.0,3.1,76.15384615384616
5,25,22.627,,,13.342,0.8,94.00389746664668,13.0,1.6,87.6923076923077,14.765,10.8,26.854046732136812,6.325,8.8,39.1304347826087,5.0,5.2,4.0000000000000036,13.342,13.7,2.6832558836756015,14.765,1.3,91.19539451405349,5.0,6.0,20.0,6.325,8.8,39.1304347826087,22.627,21.5,4.9807751800945725,13.0,6.3,51.53846153846155
10,10,18.028,,,3.606,,,13.928,,,22.023,3.7,83.19938246378786,5.0,2.0,60.0,14.56,6.2,57.417582417582416,3.606,7.1,96.89406544647808,22.023,12.5,43.24115697225628,14.56,8.7,40.24725274725275,5.0,3.7,25.999999999999996,18.028,8.9,50.63234967827823,13.928,4.1,70.56289488799541
10,20,18.028,,,3.606,5.6,55.296727676095394,13.928,0.8,94.25617461229177,22.023,8.5,61.40398674113426,5.0,0.7,86.0,14.56,2.9,80.08241758241758,3.606,9.9,174.5424292845258,22.023,6.1,72.30168460246107,14.56,3.2,78.02197802197801,5.0,4.5,10.0,18.028,15.3,15.132016862658077,13.928,5.2,62.66513497989662
15,20,21.954,,,8.0,6.0,25.0,15.0,3.8,74.66666666666666,20.0,8.2,59.00000000000001,5.099,0.6,88.23298686016867,10.817,1.7,84.28399741148193,8.0,11.7,46.24999999999999,20.0,8.2,59.00000000000001,10.817,2.0,81.51058518997874,5.099,6.1,19.631300254951938,21.954,13.6,38.052291154231575,15.0,7.7,48.666666666666664
20,0,21.954,,,8.0,15.3,91.25000000000001,15.0,1.6,89.33333333333333,20.0,4.1,79.5,5.099,8.4,64.73818395763875,10.817,,,8.0,4.2,47.5,20.0,20.4,1.9999999999999927,10.817,15.0,38.670611075159464,5.099,10.3,102.00039223377134,21.954,11.6,47.162248337432814,15.0,13.0,13.333333333333334
20,15,21.954,,,8.0,,,15.0,0.4,97.33333333333333,20.0,2.4,88.00000000000001,5.099,5.3,3.941949401843491,10.817,7.2,33.43810668392345,8.0,5.2,35.0,20.0,11.2,44.00000000000001,10.817,6.8,37.13598964592771,5.099,4.3,15.669739164542074,21.954,12.5,43.06276760499226,15.0,10.0,33.33333333333333
20,30,21.954,,,8.0,,,15.0,2.7,82.0,20.0,8.8,55.99999999999999,5.099,1.0,80.38831143361443,10.817,5.8,46.38069705093834,8.0,14.3,78.75000000000001,20.0,11.7,41.5,10.817,5.8,46.38069705093834,5.099,11.2,119.65091194351831,21.954,21.1,3.889951717226926,15.0,13.0,13.333333333333334
1,29,21.954,,,8.0,6.3,21.250000000000004,15.0,6.47,56.866666666666674,20.0,2.25,88.75,5.099,,,10.817,8.36,22.71424609411113,8.0,20.45,155.625,20.0,2.59,87.05000000000001,10.817,9.5,12.175279652399002,5.099,12.42,143.57717199450872,21.954,15.31,30.263277762594516,15.0,8.98,40.13333333333333
4,17,29.833,,,20.0,1.21,93.95,19.209,6.39,66.73434327658909,16.0,5.46,65.875,13.928,,,6.708,6.93,3.3094812164579537,20.0,11.79,41.050000000000004,16.0,8.55,46.56249999999999,6.708,10.86,61.896243291592114,13.928,10.2,26.766226306720288,29.833,8.37,71.94382060134751,19.209,1.56,91.87880680930814
5,10,29.833,2.4,91.95521737673047,20.0,3.48,82.6,19.209,6.29,67.25493258368473,16.0,9.66,39.625,13.928,,,6.708,9.57,42.6654740608229,20.0,8.94,55.300000000000004,16.0,12.52,21.750000000000004,6.708,10.97,63.53607632677401,13.928,6.22,55.34175761056864,29.833,6.19,79.25116481748398,19.209,3.03,84.22614399500233
5,23,1.0,5.06,405.99999999999994,19.416,4.2,78.36835599505562,12.649,,,24.187,2.0,91.73109521643859,17.804,,,24.698,5.55,77.52854482144302,19.416,14.57,24.95879686856201,24.187,4.94,79.5758051846033,24.698,6.19,74.93724188193376,17.804,8.23,53.774432711750165,1.0,12.03,1103.0,12.649,4.94,60.94552929085303
8,18,1.0,2.93,193.00000000000003,19.416,6.81,64.92583436341162,12.649,3.5,72.32982844493637,24.187,5.27,78.21143589531567,17.804,,,24.698,4.82,80.48424973682079,19.416,12.45,35.877626699629175,24.187,7.74,67.99933848761732,24.698,6.29,74.53235079763544,17.804,5.2,70.79308020669512,1.0,10.16,916.0,12.649,2.81,77.78480512293461
14,23,1.0,5.98,498.00000000000006,19.416,6.25,67.81005356407087,12.649,5.79,54.22563048462329,24.187,6.64,72.5472361185761,17.804,,,24.698,4.82,80.48424973682079,19.416,12.46,35.826122785331684,24.187,6.94,71.30690040104187,24.698,0.95,96.15353469916593,17.804,6.4,64.05302179285553,1.0,14.54,1354.0,12.649,7.73,38.88844967981658
15,17,4.123,6.66,61.532864419112286,18.028,6.89,61.78167295318393,7.616,1.64,78.46638655462185,19.105,8.46,55.71839832504579,14.318,,,20.0,4.87,75.64999999999999,18.028,7.97,55.79099179054804,19.105,10.77,43.62732269039519,20.0,6.47,67.65,14.318,2.15,84.98393630395307,4.123,15.84,284.1862721319427,7.616,6.39,16.097689075630253
17,9,4.123,6.7,62.50303177298083,18.028,1.98,89.01708453516751,7.616,2.72,64.28571428571428,19.105,,,14.318,,,20.0,6.26,68.7,18.028,2.96,83.58109607277568,19.105,16.97,11.175085056268001,20.0,13.19,34.050000000000004,14.318,5.41,62.21539321134236,4.123,10.99,166.55348047538197,7.616,8.87,16.465336134453775
18,28,9.22,8.61,6.61605206073754,18.028,15.32,15.021078322609267,2.828,5.61,98.3734087694484,14.036,3.52,74.92163009404389,12.042,,,15.556,3.2,79.42915916688094,18.028,13.12,27.224317727978697,14.036,9.02,35.73667711598746,15.556,4.11,73.5793263049627,12.042,8.72,27.586779604716817,9.22,17.93,94.46854663774403,2.828,11.47,305.58698727015565
19,21,14.318,4.68,67.31387065232575,19.416,11.3,41.80057684384013,3.162,4.02,27.134724857685,9.0,7.16,20.444444444444443,11.705,,,11.662,3.06,73.76093294460642,19.416,8.79,54.72805933250927,9.0,9.95,10.555555555555546,11.662,4.17,64.24283999314012,11.705,5.32,54.549337889790685,14.318,15.46,7.975974298086334,3.162,8.99,184.31372549019608
5,0,19.416,9.0,53.64647713226205,21.932,3.31,84.90789713660405,8.0,3.88,51.5,4.123,2.18,47.12587921416444,13.454,3.75,72.12724840196223,9.055,10.61,17.172832689122032,21.932,8.4,61.699799379901506,4.123,15.15,267.4508852777104,9.055,13.78,52.18111540585312,13.454,8.17,39.27456518507507,19.416,1.54,92.06839719818707,8.0,6.77,15.375000000000005
5,5,19.416,3.36,82.6946847960445,21.932,,,8.0,4.22,47.25,4.123,3.69,10.502061605626976,13.454,,,9.055,,,21.932,6.97,68.219952580704,4.123,12.35,199.53917050691243,9.055,10.29,13.638873550524567,13.454,5.39,59.937565036420395,19.416,0.28,98.55789039967037,8.0,4.19,47.62499999999999
5,10,5.385,2.79,48.18941504178273,14.036,,,9.055,3.12,65.54389839867476,21.095,4.51,78.62052619104054,12.042,,,19.698,,,14.036,6.93,50.626959247648905,21.095,9.13,56.71960180137473,19.698,7.93,59.7421057975429,12.042,5.24,56.48563361567845,5.385,4.74,11.97771587743732,9.055,0.24,97.3495306460519
5,20,5.385,3.17,41.132776230269265,14.036,,,9.055,4.45,50.855880728879065,21.095,3.89,81.55961128229437,12.042,,,19.698,,,14.036,10.93,22.12881162724423,21.095,2.42,88.52808722446076,19.698,3.58,81.82556604731445,12.042,5.8,51.83524331506394,5.385,10.1,87.55803156917364,9.055,4.08,54.942020982882376
5,25,5.385,,,14.036,4.44,68.36705614135082,9.055,7.08,21.811154058531194,21.095,,,12.042,,,19.698,1.06,94.61874301959591,14.036,12.07,14.006839555428893,21.095,-1.15,105.45152879829342,19.698,3.37,82.8916641283379,12.042,6.77,43.780102972928084,5.385,12.45,131.19777158774372,9.055,10.04,10.8779679734953
7,8,9.22,10.05,9.002169197396963,13.601,4.79,64.7820013234321,4.472,,,16.279,,,8.544,3.23,62.19569288389513,14.765,,,13.601,5.39,60.370560988162644,16.279,10.2,37.34258861109405,14.765,8.35,43.44734168642059,8.544,3.39,60.32303370786516,9.22,3.18,65.50976138828634,4.472,2.06,53.9355992844365
7,20,13.892,4.6,66.88741721854305,15.0,1.21,91.93333333333332,3.162,3.29,4.048070841239725,11.705,,,7.28,9.64,32.417582417582416,10.0,4.23,57.699999999999996,15.0,10.04,33.06666666666667,11.705,2.19,81.29004698846647,10.0,2.23,77.69999999999999,7.28,3.56,51.098901098901095,13.892,9.87,28.951914771091282,3.162,3.91,23.65591397849463
7,25,18.788,,,17.804,4.81,72.983599191193,7.211,7.48,3.730411870753018,7.81,,,9.22,,,5.831,1.55,73.41793860401303,17.804,11.83,33.554257470231406,7.81,-0.15,101.92061459667094,5.831,2.62,55.0677413822672,9.22,6.94,24.72885032537961,18.788,14.66,21.971471151799022,7.211,6.22,13.742892802662606
18,8,23.77,4.91,79.34371055952882,21.471,-0.22,101.02463788365704,12.083,,,6.083,,,13.0,2.87,77.92307692307692,4.472,,,21.471,-0.96,104.47114712868522,6.083,14.31,135.24576689133653,4.472,8.04,79.78533094812161,13.0,3.25,75.0,23.77,11.71,50.7362221287337,12.083,7.35,39.17073574443433
18,25,16.553,,,16.971,-0.26,101.5320252194921,5.0,,,8.944,,,8.602,9.85,14.508253894443143,7.81,2.73,65.044814340589,16.971,10.35,39.01361145483472,8.944,6.68,25.313059033989276,7.81,0.6,92.31754161331627,8.602,8.69,1.0230179028132897,16.553,19.53,17.98465534948348,5.0,8.62,72.39999999999999
6,25,16.401,5.77,64.8192183403451,13.454,,,6.325,9.44,49.2490118577075,12.207,1.57,87.13852707462931,5.0,8.18,63.59999999999999,7.616,-0.25,103.28256302521008,13.454,12.8,4.861007878697785,12.207,1.8,85.25436225116736,7.616,4.53,40.51995798319327,5.0,8.42,68.39999999999999,16.401,16.23,1.0426193524785037,6.325,7.94,25.533596837944668
7,25,14.213,5.75,59.54407936396257,10.0,,,7.28,8.65,18.818681318681318,16.125,,,3.162,,,11.18,-0.05,100.44722719141323,10.0,13.07,30.700000000000006,16.125,4.85,69.92248062015504,11.18,4.2,62.432915921288014,3.162,7.94,151.1068943706515,14.213,14.61,2.7932174769577167,7.28,7.06,3.021978021978031
8,25,10.817,5.77,46.65803827308866,10.44,12.81,22.70114942528737,7.071,7.51,6.208457078206761,18.028,2.61,85.52252052362991,6.403,,,14.56,-0.07,100.48076923076923,10.44,12.64,21.072796934865913,18.028,5.11,71.6552030175283,14.56,4.03,72.32142857142858,6.403,7.8,21.81789786037795,10.817,13.97,29.14856244799853,7.071,7.8,10.309715740347901
9,25,10.817,5.65,47.767403161689934,10.44,12.38,18.582375478927215,7.071,7.4,4.652807240842889,18.028,2.94,83.6920346128245,6.403,,,14.56,0.15,98.96978021978022,10.44,13.06,25.09578544061304,18.028,5.5,69.49190148657644,14.56,3.21,77.95329670329672,6.403,7.88,23.06731219740747,10.817,15.01,38.76305814920957,7.071,7.24,2.3900438410408777
10,25,10.817,4.79,55.71785152999907,10.44,5.29,49.32950191570881,7.071,8.75,23.744873426672328,18.028,3.55,80.30840914133569,6.403,,,14.56,0.53,96.35989010989012,10.44,12.46,19.348659003831433,18.028,7.6,57.843354781451076,14.56,3.52,75.82417582417584,6.403,6.89,7.60580977666719,10.817,13.85,28.039197559397238,7.071,8.95,26.573327676424828
11,25,10.817,6.28,41.94323749653323,10.44,,,7.071,11.86,67.72733701032385,18.028,6.05,66.44109163523407,6.403,6.65,3.8575667655786474,14.56,0.9,93.81868131868131,10.44,12.96,24.137931034482772,18.028,6.54,63.723097404038164,14.56,2.01,86.19505494505495,6.403,6.95,8.542870529439336,10.817,16.44,51.98298973837478,7.071,8.67,22.613491726771322
12,25,10.817,5.88,45.641120458537486,10.44,11.07,6.0344827586206975,7.071,11.75,66.17168717295998,18.028,4.84,73.15287330818727,6.403,6.6,3.0766828049351878,14.56,1.33,90.86538461538461,10.44,11.59,11.015325670498088,18.028,6.51,63.88950521411139,14.56,1.04,92.85714285714285,6.403,6.73,5.106981102608166,10.817,19.02,75.8343348433022,7.071,8.29,17.239428652241543
13,25,8.944,6.12,31.574239713774606,11.045,,,8.062,11.28,39.915653683949394,19.647,5.29,73.07476968493918,8.485,6.36,25.044195639363576,16.763,0.81,95.1679293682515,11.045,11.36,2.8519692168401947,19.647,8.36,57.44897439812694,16.763,0.94,94.39241185945238,8.485,6.42,24.337065409546256,8.944,15.6,74.41860465116277,8.062,8.37,3.8203919622922333
14,25,5.831,5.94,1.8693191562339218,14.0,11.14,20.428571428571423,8.062,11.18,38.675266683205166,20.1,6.01,70.09950248756219,11.402,6.79,40.44904402736362,18.788,0.66,96.4871194379391,14.0,11.04,21.14285714285715,20.1,7.72,61.59203980099504,18.788,1.24,93.40004258037045,11.402,6.53,42.7293457288195,5.831,15.17,160.16120734007885,8.062,8.38,3.9444306623666763
15,25,5.831,6.48,11.130166352255188,16.125,0.2,98.75968992248062,6.083,1.23,79.77971395692914,18.0,5.27,70.72222222222221,12.083,,,18.028,6.57,63.55668959396495,16.125,10.95,32.09302325581396,18.0,7.29,59.50000000000001,18.028,1.12,93.78744175726646,12.083,6.77,43.97086816188033,5.831,16.55,183.82781684102213,6.083,8.71,43.18592799605459
2,23,5.831,2.75,52.83827816841023,16.125,,,6.083,1.31,78.46457340128225,18.0,2.3,87.22222222222223,12.083,0.58,95.19986758255399,18.028,7.03,61.00510317284223,16.125,12.38,23.224806201550383,18.0,2.65,85.27777777777777,18.028,7.22,59.95118704237853,12.083,7.44,38.425887610692705,5.831,8.64,48.173555136340255,6.083,2.49,59.06625020549071
5,11,6.28,5.78,7.961783439490445,15.331,4.63,69.79975213619466,6.003,1.43,76.17857737797769,18.018,2.67,85.18148518148519,11.36,1.57,86.17957746478872,17.597,,,15.331,7.68,49.905420390059355,18.018,8.63,52.1034521034521,17.597,7.24,58.85662328806046,11.36,5.24,53.87323943661971,6.28,3.79,39.64968152866242,6.003,0.04,99.3336665000833
8,15,8.062,1.97,75.56437608533862,18.682,7.17,61.62081147628733,4.243,6.71,58.142823473957094,15.133,1.8,88.10546487808101,13.153,1.55,88.21561620922984,16.971,6.05,64.35095162335749,18.682,6.5,65.2071512686008,15.133,5.36,64.58071763695236,16.971,3.94,76.78392552000471,13.153,5.0,61.985858739451075,8.062,7.21,10.568097246340852,4.243,0.1,97.6431769974075
9,12,11.18,,,18.788,9.08,51.671279540132,2.0,2.68,34.00000000000001,12.042,,,12.042,2.99,75.17023750207606,14.213,8.32,41.46204179272496,18.788,5.3,71.79050457738983,12.042,6.92,42.534462713834905,14.213,5.66,60.1773024695701,12.042,1.79,85.13535957482145,11.18,6.1,45.43828264758498,2.0,0.37,81.5
10,11,11.18,3.16,71.73524150268335,18.788,10.17,45.86970406642538,2.0,3.88,94.0,12.042,1.75,85.46753031057965,12.042,3.29,72.6789569838897,14.213,8.81,38.01449377330612,18.788,4.61,75.4630615286353,12.042,8.3,31.074572330177702,14.213,5.7,59.895869978188976,12.042,1.1,90.86530476665006,11.18,5.12,54.203935599284435,2.0,1.38,31.000000000000007
11,6,11.18,,,18.788,10.18,45.816478603363855,2.0,,,12.042,,,12.042,3.4,71.76548746055472,14.213,5.92,58.34799127559277,18.788,3.78,79.88077496274218,12.042,11.98,0.5148646404251735,14.213,9.88,30.48617462886089,12.042,3.73,69.02507889054974,11.18,4.45,60.196779964221825,2.0,4.26,112.99999999999999
12,24,14.56,6.98,52.06043956043956,18.601,5.02,73.01220364496533,3.0,5.35,78.33333333333331,9.055,1.05,88.40419657647708,10.77,3.52,67.31662024141133,10.817,,,18.601,12.59,32.315466910381154,9.055,3.12,65.54389839867476,10.817,,,10.77,6.85,36.397400185701024,14.56,13.85,4.876373626373632,3.0,6.75,125.0
15,10,4.123,,,15.133,8.21,45.747703693913955,10.0,2.32,76.8,22.023,2.22,89.91962947827273,13.454,3.63,73.01917645309945,21.024,7.78,62.99467275494672,15.133,1.68,88.89843388620895,22.023,15.39,30.118512464241924,21.024,9.92,52.8158295281583,13.454,1.92,85.72915118180467,4.123,6.73,63.230657288382254,10.0,4.45,55.49999999999999
15,20,4.123,7.8,89.18263400436574,15.133,7.11,53.016586268420006,10.0,1.53,84.7,22.023,1.32,94.00626617627026,13.454,,,21.024,4.17,80.16552511415524,15.133,10.36,31.54034229828851,22.023,5.7,74.11796757934887,21.024,0.04,99.80974124809741,13.454,4.58,65.95807938159656,4.123,11.62,181.8336162988115,10.0,6.43,35.7
16,12,4.123,,,15.133,3.67,75.74836450142074,10.0,8.21,17.89999999999999,22.023,5.93,73.07360486763838,13.454,0.97,92.79024825330757,21.024,3.63,82.73401826484019,15.133,2.58,82.95116632524945,22.023,9.38,57.4081641919811,21.024,5.06,75.93226788432268,13.454,,,4.123,8.91,116.10477807421779,10.0,6.15,38.49999999999999
0,5,4.123,6.49,57.409653165170994,15.133,4.75,68.61164342826935,10.0,,,22.023,13.08,40.607546655768964,13.454,5.08,62.24171250185818,21.024,,,15.133,12.56,17.00257714927641,22.023,13.78,37.429051446215325,21.024,14.63,30.41286149162861,13.454,11.16,17.050691244239637,4.123,1.75,57.555178268251275,10.0,7.43,25.7
5,0,4.123,6.9,67.35386854232355,15.133,9.44,37.619771360602655,10.0,8.05,19.499999999999993,22.023,16.77,23.852336193979024,13.454,2.42,82.0127843020663,21.024,15.86,24.562404870624054,15.133,10.31,31.87074605167514,22.023,17.07,22.49012396131317,21.024,15.78,24.94292237442923,13.454,11.6,13.780288390069876,4.123,3.44,16.565607567305367,10.0,9.58,4.199999999999999
5,5,4.123,6.05,46.73781227261701,15.133,3.52,76.73957576158065,10.0,7.95,20.5,22.023,,,13.454,11.71,12.962687676527423,21.024,2.78,86.77701674277016,15.133,9.09,39.932597634309126,22.023,14.74,33.0699723016846,21.024,12.95,38.4037290715373,13.454,7.97,40.76111193697042,4.123,3.24,21.416444336648073,10.0,6.22,37.8
10,5,7.211,5.84,19.012619608930805,15.297,13.27,13.25096424135452,5.0,,,17.029,,,10.77,,,16.643,13.18,20.807546716337203,15.297,6.63,56.65816826828791,17.029,15.1,11.3277350402255,16.643,12.22,26.57573754731719,10.77,6.37,40.85422469823584,7.211,5.81,19.42865067258356,5.0,6.72,34.4
10,15,7.211,3.04,57.842185549854385,15.297,7.49,51.03615087925737,5.0,2.61,47.800000000000004,17.029,,,10.77,5.02,53.38904363974002,16.643,5.37,67.73418253920566,15.297,9.59,37.30796888278748,17.029,8.68,49.02812848669916,16.643,6.31,62.086162350537776,10.77,6.88,36.1188486536676,7.211,9.04,25.36402718069614,5.0,3.38,32.4
15,15,7.211,2.13,70.46179448065456,15.297,9.25,39.53062692031117,5.0,,,17.029,,,10.77,7.28,32.404828226555246,16.643,5.28,68.27495042961004,15.297,6.34,58.55396482970517,17.029,10.73,36.98984085970991,16.643,5.73,65.57111097758818,10.77,1.37,87.27948003714019,7.211,13.02,80.55748162529468,5.0,7.33,46.6
20,0,7.211,4.28,40.646234918873944,15.297,4.48,70.71321174086422,5.0,4.43,11.400000000000006,17.029,,,10.77,10.15,5.7567316620241336,16.643,9.91,40.4554467343628,15.297,4.64,69.66725501732365,17.029,19.62,15.215221093428863,16.643,15.14,9.030823769753049,10.77,11.24,4.363974001857017,7.211,12.41,72.09818333102204,5.0,14.9,198.0
20,15,7.211,4.79,33.57370683677715,15.297,10.79,29.46329345623326,5.0,3.17,36.6,17.029,3.63,78.68342239708733,10.77,3.68,65.83101207056639,16.643,5.99,64.0088926275311,15.297,5.3,65.35268353271884,17.029,12.2,28.357507780844443,16.643,6.91,58.481043081175265,10.77,3.26,69.73073351903436,7.211,13.67,89.57148800443765,5.0,11.0,120.0
20,20,7.211,6.59,8.611843017611989,15.297,3.7,75.81225076812447,5.0,7.06,41.19999999999999,17.029,,,10.77,,,16.643,3.69,77.82851649342066,15.297,9.83,35.73903379747663,17.029,11.44,32.82048270597217,16.643,5.73,65.57111097758818,10.77,6.39,40.66852367688023,7.211,19.32,167.92400499237277,5.0,10.24,104.80000000000001
20,25,7.211,11.9,65.02565524892525,15.297,9.4,38.550042491991896,5.0,2.28,54.400000000000006,17.029,,,10.77,4.01,62.7669452181987,16.643,3.8,77.1675779607042,15.297,11.56,24.429626724194286,17.029,9.97,41.452815784837625,16.643,4.48,73.08177612209337,10.77,9.13,15.22748375116062,7.211,17.56,143.5168492580779,5.0,11.13,122.60000000000002
11,20,21.378,,,23.431,4.24,81.90431479663694,10.0,4.48,55.199999999999996,2.236,5.53,147.31663685152057,14.866,,,9.055,2.53,72.05963556046385,23.431,10.17,56.595962613631514,2.236,5.34,138.81932021466903,9.055,3.36,62.89342904472668,14.866,4.3,71.07493609578904,21.378,11.75,45.03695387781832,10.0,4.67,53.300000000000004
12,20,21.378,,,23.431,3.86,83.52609790448552,10.0,4.95,50.5,2.236,6.14,174.59749552772806,14.866,1.53,89.7080586573389,9.055,2.53,72.05963556046385,23.431,11.08,52.71221885536256,2.236,6.16,175.49194991055455,9.055,2.91,67.86305908337935,14.866,4.3,71.07493609578904,21.378,11.83,44.662737393582184,10.0,4.87,51.300000000000004
13,20,21.378,,,23.431,3.59,84.67841748111476,10.0,5.48,45.199999999999996,2.236,8.66,287.298747763864,14.866,1.3,91.2552132382618,9.055,2.11,76.697956929873,23.431,9.36,60.05292134351927,2.236,6.58,194.27549194991053,9.055,2.44,73.05356156819437,14.866,3.53,76.25454056235706,21.378,13.31,37.73973243521377,10.0,5.85,41.5
14,20,21.378,,,23.431,3.6,84.63573897827663,10.0,5.98,40.199999999999996,2.236,8.3,271.19856887298744,14.866,,,9.055,2.33,74.26836002208724,23.431,11.15,52.41346933549571,2.236,6.99,212.61180679785326,9.055,2.3,74.59966869133076,14.866,3.31,77.73442755280506,21.378,13.96,34.699223500795206,10.0,6.72,32.800000000000004
15,20,21.378,,,23.431,3.51,85.01984550381972,10.0,6.51,34.900000000000006,2.236,8.89,297.5849731663685,14.866,,,9.055,2.14,76.36664826062947,23.431,8.73,62.741667022320854,2.236,7.27,225.1341681574239,9.055,4.17,53.94809497515185,14.866,3.64,75.51459706713305,21.378,13.04,39.00271306951071,10.0,6.46,35.4
16,20,21.26,,,13.928,3.35,75.94773118897186,11.18,7.08,36.672629695885504,13.038,8.01,38.564196962724345,6.0,1.38,77.0,4.123,2.55,38.151831190880436,13.928,8.8,36.81792073520965,13.038,7.49,42.552538732934494,4.123,2.53,38.6369148678147,6.0,3.6,40.0,21.26,13.59,36.07714016933208,11.18,7.47,33.18425760286225
17,20,21.26,,,13.928,3.68,73.57840321654223,11.18,4.83,56.79785330948122,13.038,8.01,38.564196962724345,6.0,1.3,78.33333333333333,4.123,8.55,107.37327188940094,13.928,8.38,39.83342906375646,13.038,8.62,33.88556527074705,4.123,2.77,32.81591074460345,6.0,4.06,32.33333333333334,21.26,14.63,31.18532455315146,11.18,8.55,23.524150268336307
18,20,21.26,,,13.928,4.02,71.13727742676623,11.18,7.39,33.89982110912344,13.038,8.19,37.18361711919007,6.0,1.3,78.33333333333333,4.123,9.12,121.19815668202763,13.928,7.93,43.06433084434234,13.038,10.19,21.84384107992024,4.123,3.12,24.326946398253703,6.0,3.74,37.666666666666664,21.26,15.19,28.55126999059267,11.18,8.69,22.27191413237925
19,20,21.26,,,13.928,4.18,69.98851234922458,11.18,,,13.038,7.68,41.09526000920387,6.0,5.82,2.9999999999999956,4.123,3.85,6.621392190152804,13.928,7.69,44.787478460654796,13.038,10.38,20.386562356189593,4.123,3.42,17.050691244239637,6.0,3.92,34.66666666666667,21.26,15.69,26.1994355597366,11.18,9.23,17.441860465116275
20,20,21.26,,,13.928,4.58,67.11659965537048,11.18,,,13.038,7.8,40.174873446847684,6.0,5.59,6.833333333333336,4.123,4.25,3.0802813485326164,13.928,7.71,44.643882825962095,13.038,10.46,19.7729713146188,4.123,4.36,5.748241571671115,6.0,4.32,27.999999999999996,21.26,16.59,21.96613358419568,11.18,10.23,8.497316636851513
11,14,21.26,8.17,61.57102539981185,13.928,,,11.18,3.55,68.2468694096601,13.038,9.0,30.971007823285778,6.0,3.29,45.166666666666664,4.123,1.81,56.09992723744847,13.928,5.35,61.588167719701325,13.038,6.21,52.36999539806719,4.123,3.56,13.655105505699735,6.0,3.98,33.666666666666664,21.26,7.38,65.28692380056444,11.18,1.0,91.05545617173524
11,15,10.77,3.32,69.1736304549675,11.402,,,16.155,3.17,80.37759207675641,27.893,8.53,69.41885060767933,14.56,8.11,44.299450549450555,24.187,5.74,76.26824327117873,11.402,9.27,18.698473951938254,27.893,11.67,58.16154590757537,24.187,3.05,87.38992020506883,14.56,2.25,84.5467032967033,10.77,8.13,24.512534818941496,16.155,1.69,89.53884246363356
12,11,14.142,7.53,46.754348748408994,11.402,,,6.083,4.39,27.831662008877206,14.765,1.58,89.29901794784965,4.0,,,10.44,10.63,1.8199233716475218,11.402,3.58,68.60199964918435,14.765,8.4,43.10870301388419,10.44,7.65,26.724137931034477,4.0,0.08,98.0,14.142,7.69,45.62296704850798,6.083,2.52,58.573072497123135
12,12,14.142,7.22,48.946400791967186,11.402,7.84,31.240133309945623,6.083,2.17,64.32681242807826,14.765,1.67,88.68946833728411,4.0,,,10.44,10.1,3.256704980842911,11.402,3.23,71.67163655499034,14.765,7.62,48.391466305452084,10.44,8.02,23.18007662835249,4.0,0.04,99.0,14.142,8.2,42.01668788007355,6.083,2.2,63.833634719710666
12,16,26.0,5.11,80.34615384615384,22.847,1.26,94.48505274215432,14.318,1.8,87.42841178935605,7.071,8.1,14.552397114976664,14.56,,,5.0,13.12,162.39999999999998,22.847,6.13,73.16934389635401,7.071,5.66,19.954744732003952,5.0,2.39,52.2,14.56,-0.15,101.03021978021978,26.0,9.26,64.3846153846154,14.318,3.83,73.25045397401871
12,20,19.416,2.77,85.73341573959621,7.0,1.33,81.0,21.213,3.59,83.07641540564748,31.385,2.74,91.26971483192608,14.866,,,24.739,,,7.0,8.47,21.00000000000001,31.385,4.32,86.23546280070097,24.739,0.41,98.34269776466307,14.866,2.84,80.89600430512579,19.416,9.82,49.42315615986815,21.213,4.26,79.91797482675719
13,13,19.416,8.12,58.178821590440876,7.0,5.08,27.42857142857143,21.213,4.66,78.0323386602555,31.385,5.2,83.43157559343636,14.866,1.24,91.65881878111126,24.739,,,7.0,4.26,39.142857142857146,31.385,12.85,59.056874303011,24.739,9.61,61.15445248393225,14.866,-1.27,108.54298399031346,19.416,8.09,58.333333333333336,21.213,2.48,88.30905576768963
13,16,19.416,4.92,74.66007416563659,7.0,6.56,6.285714285714292,21.213,4.25,79.96511573091972,31.385,8.27,73.64983272263821,14.866,1.29,91.32248082873672,24.739,,,7.0,7.74,10.571428571428575,31.385,6.21,80.21347777600765,24.739,2.26,90.86462670277699,14.866,-0.82,105.51594241894256,19.416,13.32,31.396786155747836,21.213,3.23,84.77348795549898
14,13,19.416,6.74,65.28636176349403,7.0,4.65,33.57142857142857,21.213,5.64,73.4125300523264,31.385,1.15,96.3358292177792,14.866,1.21,91.86062155253597,24.739,11.94,51.73612514652978,7.0,3.2,54.285714285714285,31.385,10.94,65.14258403696033,24.739,4.23,82.90149157201179,14.866,-1.44,109.68653302838693,19.416,8.34,57.045735475896166,21.213,4.4,79.2580021684816
14,15,21.954,,,8.0,5.62,29.75,15.0,6.91,53.93333333333333,20.0,,,5.099,0.4,92.15532457344577,10.817,3.72,65.60968845336045,8.0,5.14,35.75000000000001,20.0,11.33,43.35,10.817,2.95,72.72811315521864,5.099,-1.42,127.8485977642675,21.954,13.51,38.46223922747563,15.0,6.12,59.199999999999996
2,4,21.954,0.44,97.99580941969572,8.0,10.67,33.375,15.0,6.33,57.8,20.0,,,5.099,9.38,83.95763875269662,10.817,,,8.0,15.44,93.0,20.0,14.33,28.349999999999998,10.817,15.31,41.53647037071277,5.099,11.0,115.72857423024121,21.954,1.05,95.21727247881935,15.0,16.21,8.066666666666672
4,7,21.954,2.51,88.56700373508245,8.0,2.51,68.625,15.0,4.31,71.26666666666668,20.0,,,5.099,8.35,63.757599529319464,10.817,,,8.0,10.61,32.62499999999999,20.0,13.06,34.699999999999996,10.817,12.83,18.6095960062864,5.099,8.44,65.52265150029416,21.954,3.16,85.60626765054205,15.0,6.53,56.466666666666654
6,11,21.954,5.03,77.08845768424888,8.0,8.69,8.624999999999993,15.0,1.8,88.0,20.0,,,5.099,,,10.817,,,8.0,9.6,19.999999999999996,20.0,10.74,46.3,10.817,10.15,6.166219839142089,5.099,6.09,19.43518336928809,21.954,5.56,74.67431903070056,15.0,2.61,82.60000000000001
8,13,21.954,7.31,66.70310649539948,8.0,7.93,0.8750000000000036,15.0,1.79,88.06666666666668,20.0,,,5.099,,,10.817,,,8.0,8.94,11.749999999999993,20.0,9.35,53.25,10.817,8.16,24.56318757511325,5.099,5.25,2.9613649735242165,21.954,7.24,67.02195499681152,15.0,2.5,83.33333333333334
10,15,32.202,6.2,80.74653748214396,23.0,7.87,65.78260869565217,21.213,2.72,87.17767406778863,16.279,,,16.763,,,8.485,,,23.0,8.24,64.17391304347827,16.279,8.57,47.35548866638,8.485,6.05,28.697701826753093,16.763,7.15,57.34653701604725,32.202,8.77,72.76566672877462,21.213,9.61,54.69759109979729
12,19,32.202,3.25,89.90745916402709,23.0,8.46,63.21739130434783,21.213,4.54,78.59802951020602,16.279,,,16.763,3.08,81.6262005607588,8.485,,,23.0,10.16,55.826086956521735,16.279,7.21,55.70981018490079,8.485,3.52,58.51502651738362,16.763,4.34,74.1096462447056,32.202,12.63,60.77883361281907,21.213,5.85,72.42257106491303
13,24,2.236,12.92,477.8175313059033,18.682,3.27,82.49652071512686,13.342,6.63,50.30730025483437,25.08,,,17.692,4.47,74.7343432059688,25.06,,,18.682,13.07,30.0396103200942,25.08,5.91,76.43540669856459,25.06,1.45,94.21388667198724,17.692,7.2,59.30364006330545,2.236,16.5,637.9248658318426,13.342,8.16,38.839754159796136
16,25,2.236,8.16,264.9373881932021,18.682,10.78,42.297398565464086,13.342,8.86,33.59316444311198,25.08,,,17.692,,,25.06,,,18.682,12.18,34.80355422331656,25.08,7.64,69.53748006379585,25.06,4.13,83.5195530726257,17.692,7.44,57.94709473208229,2.236,28.01,1152.6833631484794,13.342,10.66,20.101933743067008
18,27,2.236,8.52,281.03756708407866,18.682,14.33,23.295150412161433,13.342,10.45,21.67591065807226,25.08,,,17.692,,,25.06,,,18.682,12.93,30.788994754308955,25.08,8.81,64.87240829346092,25.06,3.86,84.59696727853152,17.692,9.76,44.83382319692517,2.236,19.22,759.5706618962431,13.342,11.23,15.829710688052767
19,30,4.123,,,18.028,11.23,37.708009762591516,7.616,8.66,13.707983193277318,19.105,,,14.318,8.12,43.288168738650654,20.0,13.21,33.949999999999996,18.028,25.14,39.449744841357905,19.105,13.91,27.191834598272703,20.0,6.15,69.25,14.318,10.74,24.989523676491128,4.123,34.11,727.3102110113994,7.616,14.45,89.73214285714286
5,0,4.123,2.87,30.390492359932093,18.028,3.25,81.9724872420679,7.616,8.19,7.5367647058823515,19.105,,,14.318,,,20.0,3.67,81.64999999999999,18.028,10.46,41.97914355447082,19.105,17.15,10.232923318503019,20.0,15.77,21.150000000000002,14.318,10.62,25.827629557200734,4.123,3.74,9.289352413291292,7.616,9.53,25.131302521008404
5,5,17.464,2.1,87.97526339899221,2.236,1.93,13.685152057245093,14.765,5.4,63.427023366068404,23.601,,,6.708,,,16.492,,,2.236,9.86,340.9660107334525,23.601,13.7,41.95161221982119,16.492,13.44,18.505942275042454,6.708,8.6,28.205128205128194,17.464,3.06,82.47824095281722,14.765,6.66,54.89332881815103
5,10,17.464,4.33,75.20613834173156,2.236,5.89,163.4168157423971,14.765,2.5,83.06806637317982,23.601,,,6.708,,,16.492,,,2.236,9.97,345.8855098389982,23.601,10.18,56.866234481589764,16.492,9.97,39.54644676206646,6.708,6.69,0.2683363148479396,17.464,5.38,69.19377004122768,14.765,3.09,79.07213003725026
5,13,17.117,4.83,71.7824385114214,5.385,8.05,49.48932219127207,18.385,0.76,95.86619526788141,28.653,,,12.369,,,22.361,,,5.385,11.38,111.32776230269268,28.653,8.39,70.71859840156354,22.361,14.51,35.110236572604094,12.369,8.07,34.75624545234052,17.117,9.01,47.36227142606765,18.385,1.58,91.40603753059558
5,20,9.055,,,10.198,1.66,83.72229848989998,11.18,6.89,38.372093023255815,22.804,-0.07,100.3069636905806,10.296,8.64,16.083916083916073,19.416,,,10.198,19.01,86.40909982349481,22.804,4.48,80.3543238028416,19.416,6.51,66.47095179233622,10.296,8.8,14.529914529914517,9.055,13.55,49.64108227498621,11.18,6.73,39.80322003577817
5,25,9.055,5.7,37.05135284373274,10.198,1.51,85.1931751323789,11.18,6.32,43.470483005366724,22.804,-0.24,101.05244693913349,10.296,7.81,24.145299145299145,19.416,,,10.198,17.41,70.71974897038635,22.804,1.7,92.54516751447115,19.416,7.36,62.09311907704986,10.296,12.54,21.794871794871796,9.055,17.88,97.45996686913307,11.18,12.79,14.400715563506255
5,30,9.055,,,10.198,1.63,84.01647381839578,11.18,8.15,27.101967799642214,22.804,-0.12,100.52622346956674,10.296,8.87,13.850038850038851,19.416,5.67,70.7972805933251,10.198,21.17,107.58972347519122,22.804,2.7,88.1599719347483,19.416,8.43,56.58220024721879,10.296,13.9,35.00388500388502,9.055,19.06,110.49144119271119,11.18,13.83,23.70304114490161
10,30,9.055,12.39,36.83048039757041,10.198,2.7,73.52422043537949,11.18,,,22.804,-0.14,100.61392738116119,10.296,8.22,20.16317016317015,19.416,5.77,70.28224145035023,10.198,16.02,57.08962541674837,22.804,6.77,70.31222592527627,19.416,5.13,73.57849196538938,10.296,10.8,4.895104895104908,9.055,18.91,108.83489784649365,11.18,10.62,5.008944543828269
15,25,10.817,-0.07,100.64712951835075,10.44,5.96,42.91187739463601,7.071,6.69,5.388205345778522,18.028,,,6.403,,,14.56,6.34,56.456043956043956,10.44,14.8,41.76245210727971,18.028,6.87,61.89261149323274,14.56,1.63,88.80494505494505,6.403,8.66,35.24910198344527,10.817,15.83,46.34371822131829,7.071,9.33,31.947390750954607
15,30,10.817,,,10.44,6.08,41.76245210727969,7.071,6.57,7.085277895630031,18.028,0.9,95.00776569780342,6.403,11.6,81.16507886928002,14.56,6.01,58.722527472527474,10.44,14.82,41.954022988505756,18.028,10.42,42.20102063456845,14.56,4.37,69.98626373626374,6.403,10.47,63.51710135873812,10.817,18.73,73.15336969584912,7.071,13.1,85.26375335878943
2,2,10.817,5.4,50.07858001294259,10.44,7.87,24.616858237547888,7.071,,,18.028,1.66,90.79210117594853,6.403,5.72,10.666874902389504,14.56,7.1,51.236263736263744,10.44,4.57,56.22605363984674,18.028,5.15,71.43332593743065,14.56,5.14,64.69780219780222,6.403,5.66,11.603935655161635,10.817,5.0,53.776462974946845,7.071,5.32,24.763116956583218
5,10,10.817,4.24,60.80244060275493,10.44,,,7.071,2.56,63.795785603167865,18.028,,,6.403,0.38,94.06528189910979,14.56,5.35,63.25549450549451,10.44,4.07,61.01532567049808,18.028,3.67,79.64277790104282,14.56,2.34,83.92857142857143,6.403,4.1,35.967515227237236,10.817,0.15,98.6132938892484,7.071,5.98,15.429217932399933
6,5,10.817,2.78,74.29971341407045,10.44,,,7.071,2.88,59.270258803563856,18.028,,,6.403,2.46,61.58050913634234,14.56,7.09,51.30494505494506,10.44,2.96,71.64750957854406,18.028,2.53,85.96627468382516,14.56,3.27,77.54120879120879,6.403,2.11,67.04669686084647,10.817,2.95,72.72811315521864,7.071,6.7,5.2467826332909
6,15,14.213,10.1,28.938295926264683,12.806,,,5.0,0.43,91.4,13.416,8.83,34.183064997018484,5.099,0.27,94.7048440870759,9.849,4.92,50.04568991775815,12.806,9.84,23.161018272684675,13.416,5.56,58.55694692903995,9.849,0.15,98.47700274139505,5.099,9.45,85.33045695234358,14.213,0.15,98.94462815732076,5.0,5.27,5.3999999999999915
10,20,14.213,10.73,24.505734187011882,12.806,,,5.0,4.19,16.199999999999992,13.416,4.15,69.06678592725103,5.099,,,9.849,0.43,95.63407452533252,12.806,11.25,12.15055442761205,13.416,3.54,73.61359570661897,9.849,4.63,52.99015128439436,5.099,3.87,24.102765248087863,14.213,4.58,67.77597973686062,5.0,0.15,97.0
10,25,14.213,,,12.806,,,5.0,5.85,16.999999999999993,13.416,2.1,84.34704830053667,5.099,6.37,24.92645616787605,9.849,11.51,16.8646563102853,12.806,5.48,57.20755895673902,13.416,6.79,49.38878950506857,9.849,5.59,43.24296882932278,5.099,2.35,53.912531868993916,14.213,6.02,57.644410047139935,5.0,12.33,146.6
16,20,14.036,,,5.385,,,14.142,7.04,50.21920520435582,24.597,3.97,83.85982030328903,9.0,3.44,61.777777777777786,19.026,12.06,36.61305581835383,5.385,6.13,13.834726090993504,24.597,5.18,78.94052120177257,19.026,7.33,61.47377273205088,9.0,3.69,59.00000000000001,14.036,3.96,71.78683385579939,14.142,11.25,20.449724225710646
18,10,14.036,,,5.385,,,14.142,,,24.597,3.99,83.77850957433833,9.0,10.67,18.555555555555557,19.026,1.81,90.48670240723222,5.385,3.7,31.290622098421533,24.597,4.31,82.47753791112737,19.026,3.63,80.92084515925576,9.0,4.47,50.33333333333334,14.036,9.93,29.253348532345395,14.142,2.33,83.52425399519163
20,15,14.036,12.93,7.8797378170418915,5.385,,,14.142,7.84,44.562296704850795,24.597,4.7,80.89197869658902,9.0,3.21,64.33333333333333,19.026,4.88,74.35088825817303,5.385,13.23,145.68245125348193,24.597,4.54,81.5424645281945,19.026,8.38,55.95500893514138,9.0,4.2,53.333333333333336,14.036,3.72,73.49672271302364,14.142,4.52,68.03846697779665
20,27,14.036,,,5.385,,,14.142,8.5,39.895347192759154,24.597,,,9.0,15.64,73.77777777777779,19.026,11.77,38.13728581940502,5.385,11.42,112.07056638811514,24.597,12.6,48.77424076106843,19.026,7.95,58.21507410911385,9.0,12.71,41.222222222222236,14.036,15.21,8.364206326588782,14.142,12.23,13.520011313816994
1,27,17.804,6.98,60.79532689283307,9.434,,,10.0,4.49,55.099999999999994,16.279,1.98,87.83709073038885,1.0,,,9.055,0.72,92.04859193815571,9.434,17.27,83.06126775492899,16.279,-0.29,101.78143620615516,9.055,6.05,33.18608503589177,1.0,10.29,928.9999999999999,17.804,14.69,17.490451583913725,10.0,7.98,20.199999999999996
2,27,17.804,7.13,59.95281959110312,9.434,,,10.0,4.65,53.49999999999999,16.279,1.41,91.33853430800417,1.0,,,9.055,0.85,90.6129210381005,9.434,15.86,68.11532753868985,16.279,-1.09,106.69574298175564,9.055,5.35,40.91662065157372,1.0,9.33,833.0,17.804,15.44,13.277915075263982,10.0,9.1,9.000000000000004
3,27,17.804,,,9.434,10.83,14.79754080983677,10.0,8.5,15.0,16.279,2.02,87.59137539160882,1.0,,,9.055,,,9.434,15.89,68.43332626669495,16.279,-1.34,108.23146384913078,9.055,4.61,49.08890115958034,1.0,10.39,939.0,17.804,14.23,20.074140642552226,10.0,6.9,30.999999999999993
5,27,25.239,,,18.682,7.84,58.03447168397388,14.142,7.9,44.13802856738791,11.18,1.28,88.5509838998211,11.0,,,1.414,,,18.682,14.94,20.029975377368586,11.18,-1.43,112.79069767441861,1.414,3.59,153.88967468175392,11.0,9.74,11.454545454545451,25.239,13.85,45.12460874044139,14.142,7.22,48.946400791967186
6,27,25.239,,,18.682,7.13,61.83492131463441,14.142,5.69,59.76523829727053,11.18,0.79,92.93381037567084,11.0,,,1.414,0.64,54.73833097595473,18.682,15.11,19.12000856439353,11.18,-0.91,108.13953488372093,1.414,3.22,127.72277227722775,11.0,9.15,16.818181818181817,25.239,14.02,44.451047981298785,14.142,10.2,27.87441663131099
7,27,25.239,,,18.682,7.1,61.99550369339472,14.142,5.56,60.68448592844011,11.18,1.43,87.20930232558139,11.0,,,1.414,0.6,57.567185289957564,18.682,13.7,26.667380366127823,11.18,0.08,99.28443649373881,1.414,3.83,170.8628005657709,11.0,8.67,21.181818181818183,25.239,13.88,45.005745077063274,14.142,8.04,43.148069579974546
8,27,4.123,,,15.133,7.8,48.457014471684396,10.0,1.18,88.2,22.023,2.04,90.73695681787223,13.454,,,21.024,1.59,92.43721461187214,15.133,12.89,14.821912376924592,22.023,1.31,94.05167325069247,21.024,2.66,87.34779299847793,13.454,8.67,35.55819830533671,4.123,22.69,450.3274314819306,10.0,8.73,12.699999999999994
9,27,4.123,,,15.133,6.88,54.53644353399854,10.0,3.21,67.9,22.023,2.67,87.87631112927396,13.454,,,21.024,7.41,64.75456621004567,15.133,13.64,9.865856076125015,22.023,2.15,90.23747899922809,21.024,2.54,87.9185692541857,13.454,9.33,30.65259402408206,4.123,16.28,294.85811302449673,10.0,8.05,19.499999999999993
10,27,4.123,,,15.133,,,10.0,3.28,67.2,22.023,3.39,84.6070017708759,13.454,,,21.024,7.63,63.708143074581436,15.133,13.67,9.667613824093037,22.023,1.88,91.46347000862734,21.024,1.4,93.34094368340944,13.454,7.6,43.511223427976816,4.123,15.61,278.6078098471986,10.0,7.99,20.099999999999998
11,27,4.123,,,15.133,7.1,53.08266701909734,10.0,0.79,92.10000000000001,22.023,3.67,83.33560368705444,13.454,,,21.024,2.27,89.20281582952816,15.133,12.6,16.7382541465671,22.023,1.97,91.0548063388276,21.024,0.91,95.67161339421614,13.454,7.52,44.105842128734956,4.123,14.79,258.71937909289346,10.0,8.08,19.2
