Node_x,Node_y,True_X,True_Y,StepA_X,StepA_Y,StepB_X,StepB_Y,StepC_X,StepC_Y,StepD_X,StepD_Y,ErrA_m,ErrB_m,ErrC_m,ErrD_m,StepC_geom_consistency_rms_m,Loo_omit_wifi_ap,Loo_omit_slot,Loo_used_n_ap,Mean_wifi_variance,Confidence_score,Confidence_label,Quality_RMSE_m
20,3,12.0,1.7999999999999998,11.999999999999998,1.7106782025405058,11.210201227861281,1.804262707302519,11.058858480683384,1.9731652332998848,11.697763472288688,2.1908772375070535,0.08932179745949398,0.7898102754113637,0.9569396832639937,0.4940970891273659,0.15349893174894363,SW_4,3,5,0.38666666666666666,0.866927547547697,HIGH,0.15349893174894363
0,23,0.0,13.799999999999999,0.09771941521617804,14.300704386498701,0.24698240225166213,13.426429353529263,1.1645669048980938e-21,13.657842694196507,1.1537471545328875,13.27032485106149,0.5101509254811104,0.4478340484225883,0.14215730580349195,1.2695228473705251,0.20096067511056082,SW_first_team,1,5,0.20333333333333337,0.8326667314963828,HIGH,0.20096067511056082
8,7,4.8,4.2,4.941098868310439,4.071612826890067,4.9733054329972495,4.241820272627083,5.239882536569847,4.285882544987403,4.502438989350518,3.5340561672692226,0.19076728455803593,0.1782798595157842,0.44818797118244497,0.7293995773311767,0.35172166497716706,SW_11,0,5,0.11666666666666668,0.7397972718125309,HIGH,0.35172166497716706
7,4,4.2,2.4,4.340387418938132,2.2461803327602126,4.453571387453713,2.6496569593702137,4.275944324137572,3.0348504570984662,4.011328557123316,2.5402349034432934,0.20825253281981815,0.3558469416718113,0.6393767615786832,0.23508028735076808,0.3154757948992188,SW_4,3,5,0.04666666666666667,0.760181224069282,HIGH,0.3154757948992188
3,21,1.7999999999999998,12.6,5.000945527290856,15.924283261447666,3.726793611157982,14.005482005195377,5.976507029571655,15.011499875001377,6.026477297642666,14.971815380843912,4.614857686974157,2.3849346504521325,4.822711127072936,4.846505808136064,0.3370374904751473,SW_5,5,5,0.9149999999999997,0.747922184025391,HIGH,0.3370374904751473
17,2,10.2,1.2,10.62067334973506,1.2841295863494433,9.701559441130874,1.592319328466355,9.815683805666461,2.01769654453031,10.484468964559461,2.330176188156356,0.42900332688295734,0.6343165189509556,0.9035079281134302,1.1654273070737462,0.23392109546318038,SW_5,5,5,0.26666666666666666,0.8104245917155888,HIGH,0.23392109546318038
18,13,10.799999999999999,7.8,11.824622972490904,9.03514342277172,11.364815152309404,8.833094185355051,11.27896516490218,8.078842075983774,11.111963103623715,7.667466398955023,1.6048151016775536,1.177412311848621,0.5542206532859585,0.338948570477131,0.4071307278518561,SW_first_team,1,5,0.12166666666666666,0.710666024276659,HIGH,0.4071307278518561
1,0,0.6,0.0,1.2653575319119155,0.03945844113980796,1.980641319205145,0.5029874380259347,2.098838242447468,0.6777849072132133,1.5442123583333294,0.387400685142041,0.6665265289912318,1.4694103630737116,1.6449645763569012,1.0205960358917285,0.1939960229160918,SW_5,5,5,0.021666666666666667,0.8375237277237356,HIGH,0.1939960229160918
2,6,1.2,3.5999999999999996,1.5355234004801601,3.6289795250510406,2.053545733026162,3.8360613703353925,1.9076890163242293,3.7439352798193735,1.425565288437926,3.615965838438381,0.336772571837366,0.8855875388304603,0.7221780310994212,0.22612962509393866,0.2478066158411128,SW_11,0,5,0.61,0.8014062333897204,HIGH,0.2478066158411128
7,16,4.2,9.6,3.6963613776412547,10.149881638057964,4.034628854203789,10.04997207506511,3.758293614387983,10.600830458488993,4.4799942488866975,10.302066528125271,0.7456686112508194,0.47939804359253807,1.093968069794416,0.7558400553844039,0.49669577818136107,SW_4,3,5,0.09000000000000001,0.6681384517667996,HIGH,0.49669577818136107
0,15,0.0,9.0,9.74041106199028e-15,9.118622681915815,7.35512168655286e-17,8.814545405020171,3.4421388061249075e-16,8.94377366055673,0.7744427571122181,8.81212568863119,0.11862268191581471,0.18545459497982897,0.05622633944327049,0.7969054780310391,0.3482951564127918,SW_first_team,1,5,0.11666666666666665,0.7416773658525564,HIGH,0.3482951564127918
0,30,0.0,18.0,4.2949786137044864e-14,17.99999999999994,5.0443321322924e-13,17.999999999999996,2.874716079691169e-14,17.99999999999999,0.7503317759376451,17.785546863294545,7.411057249110851e-14,5.044457239220682e-13,3.0659341549278614e-14,0.7803767819614759,0.7565172971939623,SW_first_team,1,5,0.645,0.5693083703744339,HIGH,0.7565172971939623
15,0,9.0,0.0,10.539094939927207,0.004277655403684146,9.43820965563308,0.4549479235373588,8.279755147077962,0.43426149317041424,8.92688841080099,0.3868699599916955,1.539100884427426,0.6316686753520533,0.8410325157871638,0.39371775476752496,0.38084705656768447,SW_11,0,5,0.18166666666666667,0.7241931647996263,HIGH,0.38084705656768447
15,5,9.0,3.0,9.017874717142574,2.8738942142236814,8.432667595233157,3.139741322043461,8.454840085999699,3.295392458269873,8.83732132373495,3.1457565094190487,0.12736630134847196,0.5842890505434643,0.6200451888657263,0.21842461342388686,0.13883135047135126,SW_5,5,5,0.04833333333333334,0.8780931431033311,HIGH,0.13883135047135126
15,10,9.0,6.0,9.33033146375966,6.016738741863668,8.655909429059662,5.7040237974448615,8.521711137480315,5.9435633957440075,8.539114554558564,5.629279232394191,0.3307552893436137,0.4538724859352109,0.4816070247726062,0.5914805840887686,0.5214681098455219,SW_4,3,5,0.6983333333333333,0.6572599146370095,HIGH,0.5214681098455219
20,0,12.0,0.0,11.999999999999998,6.455565045429261e-10,10.962174171967426,0.20629136475134946,10.393400490006377,0.1425664920853287,11.220396118629058,0.17818505941240972,6.455565045453701e-10,1.0581297540956267,1.6129126418306936,0.7997075260659001,0.25117416884100413,SW_11,0,4,0.27399999999999997,0.7992492371596247,HIGH,0.25117416884100413
20,5,12.0,3.0,11.999999999999998,2.695111203938944,11.279280718938047,2.7583621962742706,11.512401424749157,2.96069257444059,12.112306442463241,3.2082265486586086,0.3048887960610558,0.7601480844439804,0.48918038011633325,0.23658197857196397,0.12660794364460315,SW_first_team,1,5,0.29000000000000004,0.8876202281735884,HIGH,0.12660794364460315
20,15,12.0,9.0,11.999999999999998,9.242625269912896,11.675252662958785,9.063023091545018,11.934024714287741,9.326599178106937,11.7372635043712,8.88190766529653,0.2426252699128959,0.33080620154896145,0.3331962806889372,0.28805601130859765,0.2425594798400938,SW_11,0,5,0.09666666666666666,0.8047904476401331,HIGH,0.2425594798400938
20,20,12.0,12.0,11.999999999999998,12.489796051843069,11.999999999999998,12.20319250730276,11.999999999999998,12.733861292876426,11.643810581739661,12.666175043481145,0.4897960518430686,0.2031925073027594,0.7338612928764263,0.7554204724772449,0.47212486437201406,SW_5,5,3,0.32000000000000006,0.6792902043853357,HIGH,0.47212486437201406
20,25,12.0,15.0,11.999999999999998,15.753855331884298,11.998160672021033,14.491831077029069,11.466979951447888,14.822621371511154,11.311778863582488,15.30791614083447,0.7538553318842975,0.508172251702954,0.5617593345936318,0.7539633163478215,0.451535635437033,SW_5,5,4,0.13799999999999998,0.6889255596531854,HIGH,0.451535635437033
2,15,1.2,9.0,3.0855937465907624,9.342488914867717,3.026547482090227,9.664225449175818,2.4136436140644753,10.05045031782215,3.399770622524079,9.874705381563091,1.9164452598468484,1.9435717510971822,1.605109557685125,2.3672981004206903,1.0777994820029178,SW_first_team,1,5,0.22,0.48127839508172315,HIGH,1.0777994820029178
3,15,1.7999999999999998,9.0,3.0,9.0,3.119630123593636,9.266998081139993,2.5044096113241667,9.672416736477754,3.2713357562025043,9.468456206381768,1.2000000000000002,1.3463698000282813,0.9738260460786909,1.544111435349662,1.1913252210260779,SW_first_team,1,5,0.3633333333333333,0.45634485945073666,HIGH,1.1913252210260779
4,15,2.4,9.0,3.0,9.0,3.639042942726838,9.487904479020138,3.1012459701746358,9.855572684444317,3.6100758730561138,9.312044099969116,0.6000000000000001,1.331644920603497,1.10623258361586,1.2496620098562858,0.9200255833822365,SW_first_team,1,5,0.35166666666666674,0.5208263934892169,HIGH,0.9200255833822365
6,15,3.5999999999999996,9.0,3.0,9.0,3.9346178208376488,8.759230111281076,3.25324251016117,9.260879262896575,3.53984227642335,8.844221160792294,0.5999999999999996,0.41223685586791037,0.43393403481265014,0.16699101308401243,0.878478597228646,SW_first_team,1,5,1.3699999999999999,0.5323456979894892,HIGH,0.878478597228646
7,15,4.2,9.0,3.9214007049374215,8.728153792715776,4.519255068538576,8.62241704876584,4.1734321267506305,7.844610287260883,3.8141191285359,7.356856580527974,0.3892530380410445,0.4944620145676196,1.1556951328929157,1.687846066416045,1.3309787384638005,SW_5,5,5,0.6766666666666666,0.4290043420383304,HIGH,1.3309787384638005
8,15,4.8,9.0,4.625810690924124,8.917017223704685,5.4165903386226315,8.459190596553706,4.301760699573156,9.269567298117858,4.440349283854868,9.12018926305701,0.1929457347494613,0.8201575803092407,0.5664882423355255,0.37920192058835034,1.0191211472503185,SW_first_team,1,4,0.9380000000000001,0.4952649826692276,HIGH,1.0191211472503185
9,15,5.3999999999999995,9.0,4.509007384073866,9.169698196854293,4.9929230335770205,8.80701630481206,4.284603470611242,9.42305592400341,4.4158575471067065,9.270203194893531,0.9070089964551032,0.45050456512728765,1.1929315707981176,1.0205616758028389,0.7346473440045205,SW_first_team,1,5,0.7883333333333334,0.5764860526010145,HIGH,0.7346473440045205
10,15,6.0,9.0,5.954653892507423,8.966981387144555,6.0738069702715105,9.139686878301793,5.607855011257011,7.824569843319708,5.6123403495968205,7.983351050634647,0.05609365614422089,0.15798700209308245,1.23911813215274,1.0880510515579644,0.21383737191835836,SW_5,5,5,0.6133333333333334,0.8238335901782229,HIGH,0.21383737191835836
11,15,6.6,9.0,9.0,8.4,8.72539208124525,8.234992060568123,9.248762820037706,7.7946763942938615,9.108782207431181,7.399528591273814,2.4738633753705965,2.2588777404750844,2.9101115908649535,2.9758186931453428,0.678089994592076,SW_4,3,4,0.156,0.59591559643563,HIGH,0.678089994592076
14,15,8.4,9.0,,,,,,,,,,,,,,INSUFFICIENT,-2,0,,,UNKNOWN,
0,29,0.0,17.4,0.6577071259217742,17.999999999999986,0.367282865329348,17.02307502596117,4.829695062293482e-14,16.087960751200736,0.6073052816939803,16.519562717461344,0.8902688714586539,0.5262785756789914,1.3120392487992625,1.0695744544712422,0.49185875701269105,SW_11,0,5,0.08333333333333333,0.6703047425229499,HIGH,0.49185875701269105
1,29,0.6,17.4,1.4339713402888132,17.999999999999996,1.0211186460286896,17.04579479084097,0.3825956310051805,15.951358689189348,0.9634612861599741,15.813712032635577,1.0273792855723327,0.5502746988808671,1.464863920999229,1.6273947345196285,0.5021636043092078,SW_11,0,5,0.13833333333333334,0.6657064497710719,HIGH,0.5021636043092078
2,29,1.2,17.4,1.558577586664921,17.407955680003674,0.9796812216154068,16.098686315273582,0.8335292188251189,16.250858111064186,1.5374117411153654,15.535666011679153,0.3586658312451297,1.3198324401851633,1.2061624742802664,1.8946207808030646,0.24031003910570256,SW_6,4,5,0.04666666666666667,0.8062500249703916,HIGH,0.24031003910570256
3,29,1.7999999999999998,17.4,1.7525962084132842,17.502738856420642,1.168008908124072,16.407651691916822,1.097807079262659,16.096076763628904,1.6252232483498215,15.612676336597838,0.11314765607567098,1.1765066530904404,1.4809762672919868,1.795848766092153,0.1771865610975199,볼링공,2,5,0.395,0.8494830242265725,HIGH,0.1771865610975199
4,29,2.4,17.4,1.9132430567656742,17.072717489209683,1.183830585001028,15.788789233020921,0.9583909553689961,16.00658340210752,1.5021654374357425,15.596090429846658,0.5865544848145289,2.0186798115620634,2.004955474030325,2.0149929625251204,0.32678895090566856,SW_6,4,5,0.9683333333333333,0.7536993726978192,HIGH,0.32678895090566856
5,29,3.0,17.4,2.3751892116516133,17.507859148997074,3.010315121206834,17.127405761412128,3.968939894530276,16.945972584382446,4.072410635768174,16.45868203728689,0.6340521408046075,0.2727893338032351,1.0700399120335167,1.4269352047780772,0.3608538165160951,SW_5,5,5,1.0233333333333332,0.7348327850232199,HIGH,0.3608538165160951
6,29,3.5999999999999996,17.4,1.4321654474731857,17.249938377385188,0.5324647138815346,15.84240437738721,0.2704377936081036,16.063163328582572,0.8553999751201409,16.031740315766104,2.173022120851723,3.44033092233355,3.5879125926197943,3.0667513528276724,0.4321557550733992,SW_6,4,4,0.748,0.6982480756422678,HIGH,0.4321557550733992
7,29,4.2,17.4,3.3127708411171573,17.639677822478923,3.87172932374728,16.8341837897461,2.885532523052533,16.42582104818787,2.422943677983614,16.33571721547141,0.9190326647949983,0.6541480112891144,1.6361079970791712,2.071382875535649,0.29615741597507905,SW_4,3,5,0.20333333333333334,0.7715112282466984,HIGH,0.29615741597507905
8,29,4.8,17.4,3.8136796415572025,17.904760555634176,4.121081584554609,17.148527916332174,2.4807544654042535,16.46081299939867,2.283711244250897,16.35309663763421,1.1079761134622228,0.72399476772634,2.5021934521217237,2.7253835973018847,0.3453541684110897,SW_4,3,4,0.134,0.7432986967149587,HIGH,0.3453541684110897
9,29,5.3999999999999995,17.4,5.26743184967523,17.884534478003506,5.291898531183436,17.143523408138087,5.633002178450258,17.731062512521323,5.919327127027284,17.399132315176328,0.5023424876064753,0.27832745055671404,0.40483626611199036,0.5193278518848824,0.682275181945451,SW_11,0,4,0.268,0.594433069412318,HIGH,0.682275181945451
17,22,10.2,13.2,10.97279087723487,13.15168712274188,10.72398712445452,12.604321039390205,10.59570994108763,12.34058373190775,10.150506310702552,12.149880749688583,0.7742996022512205,0.7933447741727945,0.9461409405248178,1.0512849590643272,0.15865079647443767,SW_6,4,5,0.43333333333333335,0.8630728111030666,HIGH,0.15865079647443767
2,28,1.2,16.8,2.531523331507878,17.560418911342893,2.933620707165138,17.027012422971254,3.7799857019909298,16.897156189440302,3.727220540842512,16.44876217062862,1.5333594826646972,1.7484208293471661,2.58181439062226,2.5515116450523676,0.6673780500153089,SW_5,5,5,0.5449999999999999,0.5997440112581658,HIGH,0.6673780500153089
11,28,6.6,16.8,7.368727000415391,17.999999999999996,7.055070226445308,17.711309089529514,7.444157512950251,17.999999999999996,7.6786189497031945,17.652544714468437,1.4251109434593627,1.018613355329732,1.4671748044014192,1.3748641128587547,0.28115661446912693,SW_11,0,5,1.1016666666666668,0.7805446958679366,HIGH,0.28115661446912693
15,30,9.0,18.0,8.64645303376704,17.92814973640102,8.4943392124357,17.186921404429928,8.624171824507123,16.838511916094372,8.555555595149505,16.791329860707894,0.36077405354566794,0.9574913235399839,1.2207790080719243,1.2877943681424107,0.375904478822128,SW_5,5,5,0.041666666666666664,0.7267946397384148,HIGH,0.375904478822128
16,24,9.6,14.399999999999999,9.288717660317914,14.108597076642853,9.042051769664612,13.328628845306673,8.99809407133474,13.02127600378474,8.700547701074784,13.343870404301674,0.4263946044910083,1.2079496590683327,1.504383795679201,1.3872361590413371,0.23585263411007423,SW_6,4,5,0.14500000000000002,0.8091579630123866,HIGH,0.23585263411007423
20,12,12.0,7.199999999999999,11.644528626049196,7.300307677479261,10.153206332890466,6.278801936988849,10.473298773928496,5.924533532817957,10.85148663250282,5.885058454126694,0.369352850076666,2.063795706985402,1.98937963762427,1.745896395661378,0.3281355619509567,SW_first_team,1,5,0.16166666666666668,0.7529351887325839,HIGH,0.3281355619509567
10,16,6.0,9.6,2.9855788366086986,11.241352843551415,3.2652593612382583,10.863746703297766,3.080077298948876,11.49006954995844,4.683176649703089,10.682933856190065,3.432313229781874,3.0126171498202274,3.478262710577479,1.7049250636816462,0.6860544291284866,SW_4,3,5,0.20166666666666666,0.5931006631362994,HIGH,0.6860544291284866
13,17,7.8,10.2,7.770068377250073,10.653658218091785,7.49423086341935,10.362052036954633,7.668214517180146,10.218468919494626,7.112221542035494,9.314490620323387,0.45464456543838494,0.3460572605312914,0.1330733424445372,1.1212341721225292,0.1936197309769464,SW_4,3,5,0.205,0.837787759407702,HIGH,0.1936197309769464
10,22,6.0,13.2,6.383042371478007,13.721256994776251,6.20914786957984,13.083845799285019,5.974786026574673,12.86675257781094,6.034570595005976,11.959640338852493,0.6468618963508864,0.23923760091908983,0.3341999234762718,1.2408413335479376,0.2711187811762217,볼링공,2,5,0.09833333333333334,0.7867085396021419,HIGH,0.2711187811762217
18,15,10.799999999999999,9.0,11.31194303957637,9.748447157964636,10.885442286867224,9.759350705408401,10.946016239806355,8.617056113052369,10.970899329924192,8.30556529483491,0.9067848829992889,0.7641425771342271,0.4098374834464841,0.7151546271305694,0.5915344265471328,SW_first_team,1,5,0.04,0.6283244542623692,HIGH,0.5915344265471328
5,0,3.0,0.0,2.2624478845271363,1.9781341552857953e-19,2.942307363189029,0.3673763698026568,2.684721019692068,0.5011207353930134,2.19556915593641,0.19034208855471002,0.7375521154728637,0.37187879400630125,0.5920496827672859,0.8266432686208901,0.09486848489843738,SW_11,0,5,0.03833333333333334,0.9133517073447981,HIGH,0.09486848489843738
10,5,6.0,3.0,6.384235980169645,2.1037866636020053,6.182295541205923,2.554729555738976,6.020407927036452,2.2779383208462667,5.752744280280478,1.7131112608220953,0.9751080108349809,0.48114180121453776,0.7223500204113198,1.310426654932246,0.19420044891347396,SW_6,4,5,0.21,0.8373803584731823,HIGH,0.19420044891347396
15,0,9.0,0.0,11.123453406666401,6.445058702250043e-16,9.783029329821785,0.09730332725325168,8.49995043859745,0.09570570716351204,9.196880286198411,0.05939741722982913,2.1234534066664015,0.7890518796984817,0.5091258648335896,0.20564508325545397,0.31484540770727626,SW_11,0,5,0.25166666666666665,0.7605456840311905,HIGH,0.31484540770727626
15,5,9.0,3.0,9.204957088104356,2.5956460983468164,8.596276561039819,2.868126971295499,8.493457615878402,3.068299609154528,8.858784459174027,2.9882629540406977,0.4533315406480882,0.4247153292094994,0.5111262305167422,0.14170246017138474,0.15564389635713868,SW_4,3,5,0.075,0.8653184628519521,HIGH,0.15564389635713868
10,10,6.0,6.0,5.893736737061592,5.752274349338342,5.797305190111626,5.7367402879013225,6.168736886824526,5.633340322331952,5.609743367148913,5.10126014409613,0.26955496479578894,0.3322512031128898,0.4036229133769165,0.9798130270997513,0.2330499091989011,SW_first_team,1,5,0.006666666666666667,0.8109971806815905,HIGH,0.2330499091989011
15,10,9.0,6.0,8.842507000838848,5.915581805300787,8.057993557730029,5.525693593271427,9.029949336205568,5.466024583104824,9.132978513606167,5.4126281460283625,0.17869100811470245,1.0546765877471154,0.5348146488153921,0.6022366477714423,0.6794339106208586,SW_first_team,1,5,0.023333333333333334,0.59543873306114,HIGH,0.6794339106208586
15,20,9.0,12.0,9.367098296884357,13.552431280726099,8.313788961370241,12.748399092570097,6.305030380747666,13.526031371704308,5.938813155756769,12.467509340622511,1.5952441947715312,1.0153751973024931,3.0970361631919645,3.0966804612257186,0.6301065615149096,SW_4,3,5,0.19666666666666666,0.6134568276755283,HIGH,0.6301065615149096
20,5,12.0,3.0,11.999999999999998,2.808458175277301,11.999999999999998,3.0032547808099617,11.303654175974797,2.7776388803818435,11.90753715586714,3.0477104124367624,0.19154182472269898,0.003254780809961666,0.7309869863104121,0.10404643674832734,0.33740882524425525,SW_11,0,5,0.8566666666666666,0.7477145216365435,HIGH,0.33740882524425525
20,10,12.0,6.0,11.999999999999998,5.648970108192614,10.283599045080107,4.556425423726048,11.08882282855008,4.815880207751087,11.563298728339113,5.074405034993368,0.35102989180738575,2.2427527271891656,1.4941163007500735,1.023442250405886,0.2909514141778777,SW_first_team,1,5,0.09000000000000001,0.7746224908369882,HIGH,0.2909514141778777
0,0,0.0,0.0,9.440771489871395e-11,1.299369404136392e-10,0.7181593951645252,0.28592667220763823,0.9114334853673223,7.363915654928367e-22,0.40867180103428413,-0.3072790952214544,1.6061265553017445e-10,0.772985755847293,0.9114334853673223,0.5113052740982839,0.1084534056928337,SW_4,3,5,0.053333333333333344,0.9021579029521359,HIGH,0.1084534056928337
10,30,6.0,18.0,8.287698327804605,17.999999999999996,7.6746625279741405,17.999999999999996,8.011327570239462,17.658934449530097,7.936816601658953,17.566287485992852,2.2876983278046055,1.6746625279741405,2.0400402703188774,1.9847833869891536,0.4263213973366775,SW_5,5,5,0.10666666666666667,0.7011042545300566,HIGH,0.4263213973366775
11,30,6.6,18.0,8.555017673718654,17.999999999999996,8.222834885091194,17.999999999999996,8.276415350055379,17.999999999999996,8.328089678059166,18.07967859789832,1.955017673718654,1.6228348850911942,1.676415350055379,1.7299256094924074,0.9661590736438734,SW_5,5,4,1.8039999999999998,0.5086058464978139,HIGH,0.9661590736438734
12,30,7.199999999999999,18.0,3.8719237226351295e-12,17.999999999999996,1.0071022728876675e-07,17.999999999999773,9.779915547075,17.999999999999996,9.737856391297523,18.31920420423971,7.199999999996128,7.199999899289772,2.579915547075,2.5578519087026907,1.604863174891129,SW_5,5,3,1.9874999999999998,0.3838973231451188,HIGH,1.604863174891129
13,30,7.8,18.0,10.518604043495548,17.999999999999996,10.62886734205874,17.999999999999996,11.631534927149296,17.999999999999996,11.211150251889121,18.334339800262853,2.7186040434955485,2.8288673420587402,3.8315349271492964,3.4274960456582617,0.36631985669442846,SW_4,3,4,1.274,0.7318930447364826,HIGH,0.36631985669442846
14,30,8.4,18.0,10.514368034469642,17.999999999999996,10.705189891011198,17.112525441249726,11.1306114265215,17.37728704300929,10.695971582913158,17.754751943517945,2.114368034469642,2.4701237875963242,2.8007160137104044,2.3090327236210784,0.26413911672679347,SW_11,0,5,1.21,0.791052176748772,HIGH,0.26413911672679347
15,30,9.0,18.0,11.911102104330014,17.613244004954815,11.895026571272016,16.584841598978603,11.999999999999899,17.041539965136394,11.466753243115162,17.555838905112303,2.936681062277283,3.2223985086193863,3.149388137151427,2.50642188001761,0.23071730506156166,SW_11,0,5,0.5533333333333333,0.8125342805267365,HIGH,0.23071730506156166
11,27,6.6,16.2,7.206150968465951,17.438566612428314,7.360058013809556,16.35542544701583,7.7496291389144405,16.748548294842262,7.920100023931144,16.488876398316357,1.3789366374110024,0.7757868611520808,1.2737944845286122,1.3513377248812521,0.217539196542258,SW_11,0,4,0.236,0.8213287940461738,HIGH,0.217539196542258
12,27,7.199999999999999,16.2,7.191955630003642,16.49280007819752,6.876569240106247,15.951901127094947,7.424149604794947,15.510265358706972,7.53264924479969,15.235046514249888,0.29291056259737663,0.40762790285039036,0.72524266334059,1.0206815123862563,0.3890310828318527,SW_5,5,4,0.728,0.7199262942059402,HIGH,0.3890310828318527
13,27,7.8,16.2,7.808640910668486,16.33211401413357,7.596091001427197,15.59252901142193,7.8207188168267034,15.403725197970484,7.645456557598612,15.092909502830908,0.13239629174439135,0.6407806814058761,0.7965443049308947,1.1178251404004906,0.24334551206490418,SW_5,5,4,0.702,0.8042816661148641,HIGH,0.24334551206490418
14,27,8.4,16.2,8.692886345862172,16.498380765862088,8.452114344657375,15.961561564217254,8.538354668188813,15.542242034192926,8.517971922059242,15.426433995376943,0.41810703537364946,0.24406718865425145,0.6721514381389775,0.7825098963609536,0.4948820237930097,SW_5,5,5,0.19666666666666666,0.6689491104205464,HIGH,0.4948820237930097
2,2,1.2,1.2,2.46654016467796,3.1344352589973745,2.8232065891216482,3.383417941241447,3.431893798666318,3.357901159622732,2.784255329640853,3.2153290402061603,2.31217727693936,2.7206825498582106,3.104494700144663,2.5634773433353635,0.34193704789568774,SW_11,0,5,0.04,0.7451914391722886,HIGH,0.34193704789568774
6,4,3.5999999999999996,2.4,4.904637507437045,4.379442321908625,4.64841467726506,4.404060177481741,5.52848690055157,4.603131475765379,4.742400371999683,3.829126321512139,2.370711060330752,2.2617317547562856,2.9279429682128617,1.8296121591156504,0.6239715406862849,SW_11,0,5,0.13166666666666668,0.6157743377555763,HIGH,0.6239715406862849
18,3,10.799999999999999,1.7999999999999998,9.87374636240157,4.21918771690197,9.362322654624679,4.26770394318822,8.451514069848983,4.083256124793831,8.774359522721994,3.9244490447536107,2.590446874725225,2.855954989251777,3.2754609897731686,2.935388064113771,0.4356322119105894,SW_first_team,1,5,0.025000000000000005,0.6965572322100276,HIGH,0.4356322119105894
3,10,1.7999999999999998,6.0,3.352239936294655,7.6927613323038,3.434701880469404,7.13964212103008,3.779545338747738,7.684435229160559,3.2677878381785486,7.058932977814116,2.2967128135600614,1.9927454433610292,2.5992156104092405,1.8099006020793325,0.40168682158034535,SW_11,0,5,0.3566666666666667,0.7134261267238999,HIGH,0.40168682158034535
8,14,4.8,8.4,4.130688497355712,9.541956616064963,4.389141351758321,9.296939844023179,4.742426205794213,10.061927542355967,5.06075871428731,9.747157205129065,1.3236475363730693,0.9865626754703946,1.66292450153956,1.372161667737415,0.9080896357352286,SW_11,0,5,0.135,0.5240843937683662,HIGH,0.9080896357352286
17,12,10.2,7.199999999999999,8.34159500520651,8.415810288578873,8.14766167571426,7.961932498301609,7.679697712261049,8.59846720362187,8.599174502757789,7.542248320396674,2.2207799941659307,2.189208470954771,2.8822966782044075,1.6370021946946545,0.36896843485861064,SW_first_team,1,5,0.11166666666666669,0.7304770325864246,HIGH,0.36896843485861064
4,20,2.4,12.0,4.681132870118987,12.024206102869073,4.565828404029663,11.917113440463295,5.0351038689496095,11.139506949132521,5.101112111707523,10.644783866320752,2.2812612972987987,2.1674138639063627,2.772042692806953,3.022022072883916,0.6939436062268962,SW_4,3,5,0.25166666666666665,0.5903384246819221,HIGH,0.6939436062268962
9,23,5.3999999999999995,13.799999999999999,5.845293308775658,13.766579176605966,5.747487565236292,13.605515457291151,6.553789025403381,13.19862466635348,6.193973631467704,11.91846282438425,0.44654572249290364,0.3982108051604279,1.301107761509302,2.042198881277263,0.726809593257577,SW_4,3,5,0.7916666666666665,0.5791026433398071,HIGH,0.726809593257577
18,24,10.799999999999999,14.399999999999999,8.530405872861655,13.817701744423466,8.34351861331729,13.216573094527662,8.241278581100037,13.349205248266491,7.947663297494415,13.04827452514957,2.3431023794081924,2.7266829745524936,2.766084761862535,3.156419874449539,0.24143778467602628,SW_first_team,1,5,0.12000000000000001,0.8055176121942885,HIGH,0.24143778467602628
6,28,3.5999999999999996,16.8,3.4705884534219145,16.190263597322982,3.5692601785322844,15.378711840608783,3.369883183231969,15.032757160740301,2.9103734905359744,14.980805406192086,0.6233184010898791,1.4216205431301072,1.7821618900296727,1.9455214449333316,0.31240522578202506,볼링공,2,5,0.36166666666666664,0.7619597822037993,HIGH,0.31240522578202506
12,27,7.199999999999999,16.2,7.391961510096408,14.607921716556875,7.121829443596165,13.822288093168396,7.416139844503503,13.884456489894376,6.5270028189985565,12.895639080505202,1.6036092048780768,2.3789965421953148,2.325609206116597,3.3721990291085127,0.5170668814049998,SW_5,5,5,0.42,0.6591667198441975,HIGH,0.5170668814049998
13,27,7.8,16.2,7.193565679833836,15.978136135244446,6.721895972495339,15.101039862273058,7.358808506010928,14.87909301180412,7.11011108597779,14.611355403562287,0.6457446547666251,1.5394874726462007,1.392639653978379,1.7319752791196197,0.09019066699097593,SW_5,5,4,0.22400000000000003,0.9172707401358422,HIGH,0.09019066699097593
14,27,8.4,16.2,7.793993467138016,17.395963154285347,8.166611905554026,17.24780545403035,6.852296166315441,16.225324486183148,7.394965265316039,15.839911287902922,1.3407355385308328,1.0734832425915506,1.5479110072618263,1.0675948194427471,1.0070320263798413,볼링공,2,5,1.2149999999999999,0.49824815292247104,HIGH,1.0070320263798413
15,27,9.0,16.2,7.409379746740907,16.34381948415604,7.354147149361441,15.777814574799423,7.070013235736829,15.43709894205286,7.228374438904082,15.246323745007919,1.5971088986355724,1.6991386462578215,2.0752992397357763,2.012002864825035,0.3385522013519585,SW_11,0,5,1.0566666666666666,0.7470758323732047,HIGH,0.3385522013519585
16,27,9.6,16.2,7.516741498074965,16.534959732197,7.263684375476386,15.767250156865936,7.748819771569078,15.352346478457473,7.5554112813874434,15.03781584567568,2.110015167726627,2.376056212324473,2.036021790334525,2.351811012143677,0.7796775134998302,SW_5,5,5,2.0016666666666665,0.5618995533822568,HIGH,0.7796775134998302
17,27,10.2,16.2,8.289009346415941,15.80876998513109,8.366141908996912,15.291880127141704,7.964252785706487,16.185795328413715,8.10692321581874,15.91988406135909,1.9506271305967093,2.0463912630329646,2.235792338057378,2.1117375224111625,0.3765254594473113,SW_first_team,1,4,2.424,0.726466766841719,HIGH,0.3765254594473113
18,27,10.799999999999999,16.2,9.938147194062934,14.979692419403122,10.067076265898223,14.504666919486676,9.900152674729624,13.52813582518933,9.631486643959356,13.73924605378956,1.4939681557395381,1.8469790074314563,2.819323212658127,2.724102319487213,0.32451189046236795,SW_6,4,4,1.24,0.7549951096708648,HIGH,0.32451189046236795
19,27,11.4,16.2,9.478778000049195,17.999999999999996,9.328008847093702,17.643259642966612,7.844757282319286,17.952487341547844,8.170985612537734,17.865777617539592,2.6326970910256584,2.5251031136842874,3.963705673218836,3.6333660681982205,0.13407276737731838,SW_4,3,3,1.0025,0.8817776325875649,HIGH,0.13407276737731838
20,27,12.0,16.2,10.557185817427227,16.93093844543264,10.538251576650886,16.253900312949003,10.932188013057544,14.206908986328518,10.73495789323018,14.60035958822744,1.6174003142217535,1.4627418421921283,2.2611134930020667,2.0394070164821225,0.19493608722252012,SW_11,0,3,0.5599999999999999,0.8368648421392774,HIGH,0.19493608722252012
20,28,12.0,16.8,11.616691983043092,16.761125262312046,11.7887818982119,15.906490479356583,10.988657143450556,15.879303003178602,10.816682803986248,16.262164056680252,0.3852742933206741,0.9181352569220936,1.3676612641474974,1.299810404754667,0.48686361339792433,SW_5,5,4,0.884,0.6725566427136538,HIGH,0.48686361339792433
2,2,1.2,1.2,5.741796673854415e-24,0.8284977253373407,4.8573079544879476e-20,1.0919856711471247,2.9190582961724193e-16,1.5262130555775393,-0.12213299341929293,1.270855103690954,1.2561902483618992,1.204851482647358,1.2435493386388954,1.3240302481465127,0.30306542929857444,볼링공,2,5,1.7650000000000003,0.7674211728096331,HIGH,0.30306542929857444
18,2,10.799999999999999,1.2,10.267072727593874,0.49422923556154497,9.371187993002065,0.9373854991982635,9.487516965481227,1.2738855438867784,10.263632021623046,1.4149078343936108,0.8843776623198222,1.4527457201357739,1.3145610634333613,0.5778200286524613,0.6283782026089006,SW_6,4,5,0.4266666666666667,0.6141079501051128,HIGH,0.6283782026089006
2,28,1.2,16.8,1.835804719593238,17.70595675301893,1.1113585987881194,16.475795930567187,3.8309941238803,17.29518137595685,3.857500213723034,16.774232019372352,1.1067995662258092,0.33610352072776917,2.677187829605384,2.657625138119294,0.3908836893636182,SW_5,5,5,1.105,0.7189673785430165,HIGH,0.3908836893636182
18,28,10.799999999999999,16.8,11.999999999996907,16.796540485897243,11.961290526236008,15.676003560189834,11.999999999999998,15.933647248441197,11.76253713338774,16.389377646833353,1.2000049867523084,1.6161570725122716,1.4800564482929388,1.0464647390478121,0.5225619192408157,볼링공,2,5,0.41,0.6567877387204213,HIGH,0.5225619192408157
10,8,6.0,4.8,5.896582945294623,4.703085350738012,5.8065532359005205,4.769055474895941,5.713771365542733,4.956414138243106,4.731456269072791,4.00285562531929,0.14173050640391152,0.19590613613278013,0.3261781933630837,1.4982130527264212,0.36033813010858645,SW_4,3,5,0.915,0.7351113505288401,HIGH,0.36033813010858645
10,22,6.0,13.2,6.54672072851685,13.858778175978067,6.371076918749643,13.189160697037131,6.789505958000849,13.392534585126857,6.469337054607841,12.475990034492773,0.8560912568967078,0.3712351951491803,0.8126433560848265,0.8628254174407123,0.2963556646971333,SW_5,5,5,0.41999999999999993,0.7713932427900713,HIGH,0.2963556646971333
6,15,3.5999999999999996,9.0,3.458782514854943,9.614438976894352,3.75431333204645,9.506077197328107,4.724161258652841,9.112072330131442,4.675628754353796,8.854829087902084,0.6304582733517519,0.5290810279179834,1.1297339255935581,1.0853809519758675,0.6210683769928418,SW_6,4,5,0.24000000000000002,0.6168771251062507,HIGH,0.6210683769928418
16,15,9.6,9.0,9.011573100734555,9.229174852410647,8.343285160748595,9.038344152789147,8.536385151052762,8.812163587138567,8.47159440447618,8.17196078851309,0.6314802679075471,1.2572996704238024,1.0800736386458587,1.3996242795012273,0.3996572985405217,SW_first_team,1,5,1.0483333333333333,0.7144606047799985,HIGH,0.3996572985405217
10,15,6.0,9.0,5.126582936764342,9.188770380288846,5.0829958305937,8.84092157372048,5.844221553275295,8.765099548070385,5.674832896108721,8.652438348400224,0.8935835846889744,0.9307000550210077,0.2818601546524432,0.4759545641296087,0.15024214802095848,SW_6,4,5,0.625,0.8693821572444926,HIGH,0.15024214802095848
15,9,9.0,5.3999999999999995,9.008236592933057,5.62429895752658,8.490094017083106,5.441839104637418,8.66366963201481,5.372387194943614,8.703783532972801,5.24953299260912,0.22445013657972185,0.5116196068284571,0.33746197331274935,0.33224165249294446,0.12246564075086055,볼링공,2,4,0.484,0.8908958668267666,HIGH,0.12246564075086055
