huber_f_scale,calibration_kind,huber_eps,huber_alpha,ransac_rt,feat_mode,irls_residual_thresh_m,irls_max_iter,val_StepC_RMSE_m,val_StepC_MAE_m
0.95,huber,1.12,1e-06,,raw,1.2,2,1.6849995411068468,1.3251152989176407
0.95,huber,1.12,1e-06,,raw,1.2,3,1.7161914186823863,1.363306404080612
0.95,huber,1.12,1e-06,,raw,1.6,2,1.6444322701124041,1.2694058538737174
0.95,huber,1.12,1e-06,,raw,1.6,3,1.6625842976187017,1.2914609364317442
0.95,huber,1.12,1e-06,,raw,2.0,2,1.6281153307448044,1.2501106017114922
0.95,huber,1.12,1e-06,,raw,2.0,3,1.6344221576133742,1.2559056485510094
0.95,huber,1.12,1e-06,,raw,2.4,2,1.6202935406292598,1.2415242288658264
0.95,huber,1.12,1e-06,,raw,2.4,3,1.6236986894300927,1.2439286931041957
0.95,huber,1.12,1e-06,,raw,2.8,2,1.6162149930528815,1.2377853975733633
0.95,huber,1.12,1e-06,,raw,2.8,3,1.6179232216907742,1.238852503980804
0.95,huber,1.12,1e-06,,raw,3.2,2,1.6138270452448915,1.2362585107189479
0.95,huber,1.12,1e-06,,raw,3.2,3,1.6146490434366665,1.2366851692779828
0.95,huber,1.12,1e-06,,raw,3.8,2,1.6137339804756998,1.235511672400502
0.95,huber,1.12,1e-06,,raw,3.8,3,1.6138453619981832,1.235637995048903
0.95,huber,1.12,0.0001,,raw,1.2,2,1.6849996597389145,1.3251154604133728
0.95,huber,1.12,0.0001,,raw,1.2,3,1.7161915017932887,1.3633065156134379
0.95,huber,1.12,0.0001,,raw,1.6,2,1.644432338972675,1.269405965890358
0.95,huber,1.12,0.0001,,raw,1.6,3,1.662584395548571,1.2914610799411723
0.95,huber,1.12,0.0001,,raw,2.0,2,1.6281154004367295,1.2501107050088553
0.95,huber,1.12,0.0001,,raw,2.0,3,1.6344222356262839,1.255905760470345
0.95,huber,1.12,0.0001,,raw,2.4,2,1.6202936156637286,1.2415243464567516
0.95,huber,1.12,0.0001,,raw,2.4,3,1.6236987505002942,1.2439287945873188
0.95,huber,1.12,0.0001,,raw,2.8,2,1.6162150591578797,1.2377854943432025
0.95,huber,1.12,0.0001,,raw,2.8,3,1.6179232769330105,1.2388525927260892
0.95,huber,1.12,0.0001,,raw,3.2,2,1.6138271041147763,1.2362586035495222
0.95,huber,1.12,0.0001,,raw,3.2,3,1.6146491055707894,1.2366852603626255
0.95,huber,1.12,0.0001,,raw,3.8,2,1.6137340315379647,1.2355117594814238
0.95,huber,1.12,0.0001,,raw,3.8,3,1.6138454134388691,1.235638086280955
0.95,huber,1.12,0.001,,raw,1.2,2,1.6850003793198052,1.325116469540753
0.95,huber,1.12,0.001,,raw,1.2,3,1.7161922686268138,1.363307521780309
0.95,huber,1.12,0.001,,raw,1.6,2,1.6444329340142336,1.2694069822305576
0.95,huber,1.12,0.001,,raw,1.6,3,1.6625852041330398,1.2914622815444925
0.95,huber,1.12,0.001,,raw,2.0,2,1.628115986254599,1.2501116149056273
0.95,huber,1.12,0.001,,raw,2.0,3,1.6344228480196388,1.2559067232696506
0.95,huber,1.12,0.001,,raw,2.4,2,1.6202941652177334,1.2415252138150745
0.95,huber,1.12,0.001,,raw,2.4,3,1.6236992581882244,1.2439296721451685
0.95,huber,1.12,0.001,,raw,2.8,2,1.616215606115656,1.2377863521163097
0.95,huber,1.12,0.001,,raw,2.8,3,1.6179238361600252,1.2388534626111065
0.95,huber,1.12,0.001,,raw,3.2,2,1.6138276349229856,1.2362594401418754
0.95,huber,1.12,0.001,,raw,3.2,3,1.6146496363308085,1.236686101289062
0.95,huber,1.12,0.001,,raw,3.8,2,1.613734564045274,1.2355126053264853
0.95,huber,1.12,0.001,,raw,3.8,3,1.6138459544483872,1.2356389286691034
0.95,huber,1.35,1e-06,,raw,1.2,2,1.7201939911279374,1.3637070737355443
0.95,huber,1.35,1e-06,,raw,1.2,3,1.7537349718255724,1.4020866385445647
0.95,huber,1.35,1e-06,,raw,1.6,2,1.687158408801091,1.329257385685772
0.95,huber,1.35,1e-06,,raw,1.6,3,1.709898207402805,1.3530749321873963
0.95,huber,1.35,1e-06,,raw,2.0,2,1.6668757304450958,1.3025022803379316
0.95,huber,1.35,1e-06,,raw,2.0,3,1.675259212559539,1.31093924947528
0.95,huber,1.35,1e-06,,raw,2.4,2,1.656539918877215,1.2907003754609017
0.95,huber,1.35,1e-06,,raw,2.4,3,1.6604572209648327,1.2945833975084395
0.95,huber,1.35,1e-06,,raw,2.8,2,1.6519191092030643,1.2857845469530464
0.95,huber,1.35,1e-06,,raw,2.8,3,1.6540043372811306,1.287293600163888
0.95,huber,1.35,1e-06,,raw,3.2,2,1.648976658080989,1.2830164354502251
0.95,huber,1.35,1e-06,,raw,3.2,3,1.650062424391474,1.2837118335950646
0.95,huber,1.35,1e-06,,raw,3.8,2,1.6476976222738178,1.2812644824689088
0.95,huber,1.35,1e-06,,raw,3.8,3,1.6478755510107697,1.2814958890311223
0.95,huber,1.35,0.0001,,raw,1.2,2,1.720194050119379,1.363707148032453
0.95,huber,1.35,0.0001,,raw,1.2,3,1.7537350383924752,1.4020867090155298
0.95,huber,1.35,0.0001,,raw,1.6,2,1.6871584695795003,1.3292574688005128
0.95,huber,1.35,0.0001,,raw,1.6,3,1.709898260621665,1.353075014974461
0.95,huber,1.35,0.0001,,raw,2.0,2,1.6668756830762723,1.3025022211061728
0.95,huber,1.35,0.0001,,raw,2.0,3,1.6752592615029942,1.3109393177552098
0.95,huber,1.35,0.0001,,raw,2.4,2,1.6565399684906832,1.2907004457676048
0.95,huber,1.35,0.0001,,raw,2.4,3,1.660457268031949,1.2945834663646996
0.95,huber,1.35,0.0001,,raw,2.8,2,1.651919153009406,1.2857846094935093
0.95,huber,1.35,0.0001,,raw,2.8,3,1.65400438610746,1.2872936707578733
0.95,huber,1.35,0.0001,,raw,3.2,2,1.648976711104209,1.2830165040328687
0.95,huber,1.35,0.0001,,raw,3.2,3,1.6500624662274532,1.2837118994206769
0.95,huber,1.35,0.0001,,raw,3.8,2,1.6476976618860104,1.2812645463853705
0.95,huber,1.35,0.0001,,raw,3.8,3,1.6478759990873892,1.2814964621177927
0.95,huber,1.35,0.001,,raw,1.2,2,1.7201946208384444,1.363707833455325
0.95,huber,1.35,0.001,,raw,1.2,3,1.7537356282530376,1.4020873596597119
0.95,huber,1.35,0.001,,raw,1.6,2,1.6871589720752909,1.329258214468923
0.95,huber,1.35,0.001,,raw,1.6,3,1.7098987488491306,1.3530755770886969
0.95,huber,1.35,0.001,,raw,2.0,2,1.6668761276674293,1.3025028647376982
0.95,huber,1.35,0.001,,raw,2.0,3,1.675259718935365,1.3109399815688352
0.95,huber,1.35,0.001,,raw,2.4,2,1.6565406670240443,1.2907014350751806
0.95,huber,1.35,0.001,,raw,2.4,3,1.6604579738343415,1.29458447785203
0.95,huber,1.35,0.001,,raw,2.8,2,1.6519195561294084,1.2857852085349766
0.95,huber,1.35,0.001,,raw,2.8,3,1.6540048082611274,1.2872942790765696
0.95,huber,1.35,0.001,,raw,3.2,2,1.6489771095233154,1.2830170915500674
0.95,huber,1.35,0.001,,raw,3.2,3,1.6500632645688746,1.2837129794571516
0.95,huber,1.35,0.001,,raw,3.8,2,1.6476980808955382,1.2812651346587045
0.95,huber,1.35,0.001,,raw,3.8,3,1.6478760189545723,1.2814965494056312
0.95,huber,1.55,1e-06,,raw,1.2,2,1.7502344824044465,1.392731296882783
0.95,huber,1.55,1e-06,,raw,1.2,3,1.788629078043468,1.4372450414224203
0.95,huber,1.55,1e-06,,raw,1.6,2,1.7123675264739366,1.3541454934804078
0.95,huber,1.55,1e-06,,raw,1.6,3,1.7346148137874298,1.3763502727926598
0.95,huber,1.55,1e-06,,raw,2.0,2,1.6922977731684548,1.3294633143977364
0.95,huber,1.55,1e-06,,raw,2.0,3,1.7002761273901266,1.336029400012045
0.95,huber,1.55,1e-06,,raw,2.4,2,1.6818117396311496,1.3197081530541104
0.95,huber,1.55,1e-06,,raw,2.4,3,1.6844140124486244,1.3208662405872311
0.95,huber,1.55,1e-06,,raw,2.8,2,1.6782996884119785,1.3170118724967663
0.95,huber,1.55,1e-06,,raw,2.8,3,1.6792202702708554,1.3172057135163817
0.95,huber,1.55,1e-06,,raw,3.2,2,1.675587304998071,1.314814450502488
0.95,huber,1.55,1e-06,,raw,3.2,3,1.6765493938139227,1.3153446797445965
0.95,huber,1.55,1e-06,,raw,3.8,2,1.673689178424619,1.3130048492849418
0.95,huber,1.55,1e-06,,raw,3.8,3,1.6737831903668807,1.3131054799092485
0.95,huber,1.55,0.0001,,raw,1.2,2,1.7502345360730351,1.3927313686017628
0.95,huber,1.55,0.0001,,raw,1.2,3,1.7886291384139386,1.4372451316100576
0.95,huber,1.55,0.0001,,raw,1.6,2,1.7123675693036142,1.3541455481159608
0.95,huber,1.55,0.0001,,raw,1.6,3,1.7346148573383195,1.376350326242325
0.95,huber,1.55,0.0001,,raw,2.0,2,1.6922979035746244,1.3294634248410178
0.95,huber,1.55,0.0001,,raw,2.0,3,1.700276101375177,1.3360294188031683
0.95,huber,1.55,0.0001,,raw,2.4,2,1.6818117916928048,1.319708220150608
0.95,huber,1.55,0.0001,,raw,2.4,3,1.6844140603282562,1.3208663075102172
0.95,huber,1.55,0.0001,,raw,2.8,2,1.6782997303347456,1.317011933032425
0.95,huber,1.55,0.0001,,raw,2.8,3,1.6792203107379555,1.3172057698265363
0.95,huber,1.55,0.0001,,raw,3.2,2,1.6755873465330278,1.31481450754628
0.95,huber,1.55,0.0001,,raw,3.2,3,1.6765494327608665,1.3153447389381026
0.95,huber,1.55,0.0001,,raw,3.8,2,1.6736892184005137,1.3130049059771751
0.95,huber,1.55,0.0001,,raw,3.8,3,1.6737832340827843,1.3131055384825137
0.95,huber,1.55,0.001,,raw,1.2,2,1.7502350661732777,1.392732031102057
0.95,huber,1.55,0.001,,raw,1.2,3,1.7886297087470298,1.4372459622850164
0.95,huber,1.55,0.001,,raw,1.6,2,1.7123680264289545,1.3541461117255404
0.95,huber,1.55,0.001,,raw,1.6,3,1.734615336928723,1.3763508661566815
0.95,huber,1.55,0.001,,raw,2.0,2,1.6922982604206414,1.329463958897744
0.95,huber,1.55,0.001,,raw,2.0,3,1.700276522850687,1.336029986819536
0.95,huber,1.55,0.001,,raw,2.4,2,1.6818122431631937,1.3197087985067097
0.95,huber,1.55,0.001,,raw,2.4,3,1.6844145000270976,1.320866888299805
0.95,huber,1.55,0.001,,raw,2.8,2,1.6783001032173899,1.3170124555564335
0.95,huber,1.55,0.001,,raw,2.8,3,1.6792207301169906,1.3172063325630656
0.95,huber,1.55,0.001,,raw,3.2,2,1.6755877365544523,1.314815037600062
0.95,huber,1.55,0.001,,raw,3.2,3,1.676549825276047,1.3153452733466182
0.95,huber,1.55,0.001,,raw,3.8,2,1.6736895695668284,1.3130054111088467
0.95,huber,1.55,0.001,,raw,3.8,3,1.6737836116060458,1.3131060632406328
0.95,ransac,,,2.2,raw,1.2,2,1.6849637979964274,1.2996513401216583
0.95,ransac,,,2.2,raw,1.2,3,1.7172766656707452,1.3414575295026872
0.95,ransac,,,2.2,raw,1.6,2,1.6553359945809893,1.2632774217174283
0.95,ransac,,,2.2,raw,1.6,3,1.6731604902583899,1.2791396702207518
0.95,ransac,,,2.2,raw,2.0,2,1.6387910283992126,1.2459625304124364
0.95,ransac,,,2.2,raw,2.0,3,1.6458420248993986,1.2519387864106335
0.95,ransac,,,2.2,raw,2.4,2,1.6305325700498736,1.2377864550388638
0.95,ransac,,,2.2,raw,2.4,3,1.633893953533198,1.2401765982985242
0.95,ransac,,,2.2,raw,2.8,2,1.6264432367344328,1.2340398541071695
0.95,ransac,,,2.2,raw,2.8,3,1.6281647056195057,1.235044418651737
0.95,ransac,,,2.2,raw,3.2,2,1.6240517508093697,1.232253535883574
0.95,ransac,,,2.2,raw,3.2,3,1.625113092810268,1.232819286386683
0.95,ransac,,,2.2,raw,3.8,2,1.6229194880906528,1.230866321048449
0.95,ransac,,,2.2,raw,3.8,3,1.6231057832626947,1.231046170870771
0.95,ransac,,,4.0,raw,1.2,2,1.7322982117499155,1.3887507235407714
0.95,ransac,,,4.0,raw,1.2,3,1.7694054436251787,1.4354737666613029
0.95,ransac,,,4.0,raw,1.6,2,1.6947093661294472,1.353370272786133
0.95,ransac,,,4.0,raw,1.6,3,1.7170894932118876,1.3738214478474853
0.95,ransac,,,4.0,raw,2.0,2,1.6757867659326844,1.329152873705454
0.95,ransac,,,4.0,raw,2.0,3,1.6822380711016078,1.334002546429918
0.95,ransac,,,4.0,raw,2.4,2,1.6668060620595502,1.3210866177651865
0.95,ransac,,,4.0,raw,2.4,3,1.6698110599680334,1.3228302259606202
0.95,ransac,,,4.0,raw,2.8,2,1.663190352406782,1.3183380002743976
0.95,ransac,,,4.0,raw,2.8,3,1.6646730334151896,1.3188979893706656
0.95,ransac,,,4.0,raw,3.2,2,1.6603738654721647,1.3163499788652848
0.95,ransac,,,4.0,raw,3.2,3,1.6614795583304338,1.316886942514692
0.95,ransac,,,4.0,raw,3.8,2,1.659784390409089,1.3149894115626424
0.95,ransac,,,4.0,raw,3.8,3,1.659481982382257,1.3149694058837451
0.95,ransac,,,6.5,raw,1.2,2,1.8732609522735129,1.5381091433614276
0.95,ransac,,,6.5,raw,1.2,3,1.921667213711699,1.5973704191847433
0.95,ransac,,,6.5,raw,1.6,2,1.8279087817449808,1.4911324655803735
0.95,ransac,,,6.5,raw,1.6,3,1.849443394575675,1.5129730856683525
0.95,ransac,,,6.5,raw,2.0,2,1.8017976062187864,1.4662295272889194
0.95,ransac,,,6.5,raw,2.0,3,1.8121278526058602,1.4759831357464004
0.95,ransac,,,6.5,raw,2.4,2,1.787718511370805,1.4528867992281398
0.95,ransac,,,6.5,raw,2.4,3,1.7918213700828447,1.4568040318295816
0.95,ransac,,,6.5,raw,2.8,2,1.779556307175749,1.4458526024631273
0.95,ransac,,,6.5,raw,2.8,3,1.7810136040383435,1.4474991325707522
0.95,ransac,,,6.5,raw,3.2,2,1.7759970877265774,1.4433574040757304
0.95,ransac,,,6.5,raw,3.2,3,1.775054437641208,1.443210438205582
0.95,ransac,,,6.5,raw,3.8,2,1.7750888551694946,1.4422883310717785
0.95,ransac,,,6.5,raw,3.8,3,1.7713362740735097,1.4402474197836297
0.95,huber,1.12,1e-06,,bias_sub,1.2,2,1.6850001398226349,1.3251161321319183
0.95,huber,1.12,1e-06,,bias_sub,1.2,3,1.7161918697130059,1.3633070848359972
0.95,huber,1.12,1e-06,,bias_sub,1.6,2,1.6444326895196124,1.2694064860590737
0.95,huber,1.12,1e-06,,bias_sub,1.6,3,1.6625848353462958,1.291461725349461
0.95,huber,1.12,1e-06,,bias_sub,2.0,2,1.6281157379482936,1.2501112381885922
0.95,huber,1.12,1e-06,,bias_sub,2.0,3,1.6344226055845192,1.255906368810627
0.95,huber,1.12,1e-06,,bias_sub,2.4,2,1.6202939099363276,1.2415248801723502
0.95,huber,1.12,1e-06,,bias_sub,2.4,3,1.6236990425428006,1.2439293067331554
0.95,huber,1.12,1e-06,,bias_sub,2.8,2,1.6162153089857283,1.2377859878166726
0.95,huber,1.12,1e-06,,bias_sub,2.8,3,1.617923526917156,1.2388530773200466
0.95,huber,1.12,1e-06,,bias_sub,3.2,2,1.6138273914570005,1.2362591325783636
0.95,huber,1.12,1e-06,,bias_sub,3.2,3,1.6146493847163996,1.2366857862369063
0.95,huber,1.12,1e-06,,bias_sub,3.8,2,1.6137343114527454,1.2355122843061122
0.95,huber,1.12,1e-06,,bias_sub,3.8,3,1.6138456827710705,1.2356385927615863
0.95,huber,1.12,0.0001,,bias_sub,1.2,2,1.6850002160141286,1.3251162424825143
0.95,huber,1.12,0.0001,,bias_sub,1.2,3,1.7161919461586435,1.3633071915795925
0.95,huber,1.12,0.0001,,bias_sub,1.6,2,1.6444327704606398,1.2694066086201872
0.95,huber,1.12,0.0001,,bias_sub,1.6,3,1.662584924554903,1.2914618613282525
0.95,huber,1.12,0.0001,,bias_sub,2.0,2,1.628115793960661,1.250111337337007
0.95,huber,1.12,0.0001,,bias_sub,2.0,3,1.6344226654155023,1.2559064756143092
0.95,huber,1.12,0.0001,,bias_sub,2.4,2,1.620294037705466,1.2415250104533946
0.95,huber,1.12,0.0001,,bias_sub,2.4,3,1.6236990274009195,1.2439293702770433
0.95,huber,1.12,0.0001,,bias_sub,2.8,2,1.6162153559649102,1.2377860642883092
0.95,huber,1.12,0.0001,,bias_sub,2.8,3,1.6179235864482568,1.2388531738108264
0.95,huber,1.12,0.0001,,bias_sub,3.2,2,1.6138274284011596,1.2362592037399596
0.95,huber,1.12,0.0001,,bias_sub,3.2,3,1.614649434561373,1.2366858632480713
0.95,huber,1.12,0.0001,,bias_sub,3.8,2,1.6137343557736996,1.2355123700395143
0.95,huber,1.12,0.0001,,bias_sub,3.8,3,1.6138457310903034,1.2356386790838394
0.95,huber,1.12,0.001,,bias_sub,1.2,2,1.6850009274618498,1.3251172431346356
0.95,huber,1.12,0.001,,bias_sub,1.2,3,1.7161927096374294,1.3633081967274645
0.95,huber,1.12,0.001,,bias_sub,1.6,2,1.6444334268034022,1.2694076482605008
0.95,huber,1.12,0.001,,bias_sub,1.6,3,1.6625857223160765,1.2914630560179654
0.95,huber,1.12,0.001,,bias_sub,2.0,2,1.6281163913710752,1.2501122516492669
0.95,huber,1.12,0.001,,bias_sub,2.0,3,1.6344232511657801,1.2559074138092472
0.95,huber,1.12,0.001,,bias_sub,2.4,2,1.6202945289701334,1.2415258518269545
0.95,huber,1.12,0.001,,bias_sub,2.4,3,1.6236996030501603,1.2439302796863847
0.95,huber,1.12,0.001,,bias_sub,2.8,2,1.6162159154318367,1.2377869311463352
0.95,huber,1.12,0.001,,bias_sub,2.8,3,1.6179241316125317,1.2388540264925676
0.95,huber,1.12,0.001,,bias_sub,3.2,2,1.6138279710745946,1.2362600535906132
0.95,huber,1.12,0.001,,bias_sub,3.2,3,1.614649957773676,1.2366866982123708
0.95,huber,1.12,0.001,,bias_sub,3.8,2,1.6137348552225181,1.2355131715598486
0.95,huber,1.12,0.001,,bias_sub,3.8,3,1.613846235627464,1.2356394976680134
0.95,huber,1.35,1e-06,,bias_sub,1.2,2,1.7201921708700751,1.3637066107159475
0.95,huber,1.35,1e-06,,bias_sub,1.2,3,1.7537327106914775,1.4020862846712148
0.95,huber,1.35,1e-06,,bias_sub,1.6,2,1.68715664871587,1.3292562378201787
0.95,huber,1.35,1e-06,,bias_sub,1.6,3,1.7098961513415118,1.3530732052870846
0.95,huber,1.35,1e-06,,bias_sub,2.0,2,1.666874030747443,1.3025013415585491
0.95,huber,1.35,1e-06,,bias_sub,2.0,3,1.6752575097170828,1.3109383003396071
0.95,huber,1.35,1e-06,,bias_sub,2.4,2,1.6565384742593603,1.2906997641371352
0.95,huber,1.35,1e-06,,bias_sub,2.4,3,1.6604557652892333,1.2945827685465203
0.95,huber,1.35,1e-06,,bias_sub,2.8,2,1.6519174789828917,1.2857838042924907
0.95,huber,1.35,1e-06,,bias_sub,2.8,3,1.6540026882653733,1.2872928366199359
0.95,huber,1.35,1e-06,,bias_sub,3.2,2,1.6489750432574783,1.2830157370086843
0.95,huber,1.35,1e-06,,bias_sub,3.2,3,1.6500607774907152,1.2837110915304173
0.95,huber,1.35,1e-06,,bias_sub,3.8,2,1.6476961741525193,1.2812639956742935
0.95,huber,1.35,1e-06,,bias_sub,3.8,3,1.6478740997663814,1.2814954134493626
0.95,huber,1.35,0.0001,,bias_sub,1.2,2,1.720192232483655,1.3637066833702447
0.95,huber,1.35,0.0001,,bias_sub,1.2,3,1.7537327695638723,1.4020863492127669
0.95,huber,1.35,0.0001,,bias_sub,1.6,2,1.6871567705106603,1.3292564066628576
0.95,huber,1.35,0.0001,,bias_sub,1.6,3,1.7098958884368507,1.3530728407124601
0.95,huber,1.35,0.0001,,bias_sub,2.0,2,1.6668741847343977,1.3025015460034604
0.95,huber,1.35,0.0001,,bias_sub,2.0,3,1.675257563453346,1.310938374979384
0.95,huber,1.35,0.0001,,bias_sub,2.4,2,1.656538794218414,1.2907001983554964
0.95,huber,1.35,0.0001,,bias_sub,2.4,3,1.6604558097083841,1.2945828404495872
0.95,huber,1.35,0.0001,,bias_sub,2.8,2,1.6519175293545172,1.2857838690614303
0.95,huber,1.35,0.0001,,bias_sub,2.8,3,1.6540027293495145,1.287292901924916
0.95,huber,1.35,0.0001,,bias_sub,3.2,2,1.6489750871426778,1.2830158019221913
0.95,huber,1.35,0.0001,,bias_sub,3.2,3,1.6500608242103432,1.2837111568555353
0.95,huber,1.35,0.0001,,bias_sub,3.8,2,1.6476962266663144,1.281264067346277
0.95,huber,1.35,0.0001,,bias_sub,3.8,3,1.6478741480669135,1.281495479175453
0.95,huber,1.35,0.001,,bias_sub,1.2,2,1.720192799578727,1.3637073714058028
0.95,huber,1.35,0.001,,bias_sub,1.2,3,1.7537333647387165,1.402087005247434
0.95,huber,1.35,0.001,,bias_sub,1.6,2,1.687157274138271,1.3292571511043436
0.95,huber,1.35,0.001,,bias_sub,1.6,3,1.7098968430065695,1.3530743236387377
0.95,huber,1.35,0.001,,bias_sub,2.0,2,1.666874628085056,1.3025021923873608
0.95,huber,1.35,0.001,,bias_sub,2.0,3,1.6752580265629116,1.310939040431857
0.95,huber,1.35,0.001,,bias_sub,2.4,2,1.656538912815057,1.2907004379033113
0.95,huber,1.35,0.001,,bias_sub,2.4,3,1.6604565066894361,1.2945838432965355
0.95,huber,1.35,0.001,,bias_sub,2.8,2,1.6519179463520652,1.285784474154766
0.95,huber,1.35,0.001,,bias_sub,2.8,3,1.654003146734573,1.2872935035074542
0.95,huber,1.35,0.001,,bias_sub,3.2,2,1.648975488262575,1.283016391190053
0.95,huber,1.35,0.001,,bias_sub,3.2,3,1.650061252865615,1.2837117642689575
0.95,huber,1.35,0.001,,bias_sub,3.8,2,1.6476969973454658,1.2812651306555525
0.95,huber,1.35,0.001,,bias_sub,3.8,3,1.6478745478086008,1.2814960564656266
0.95,huber,1.55,1e-06,,bias_sub,1.2,2,1.7502345131527346,1.392730838344579
0.95,huber,1.55,1e-06,,bias_sub,1.2,3,1.7886287158021674,1.4372447694854942
0.95,huber,1.55,1e-06,,bias_sub,1.6,2,1.7123676504309497,1.3541452239595932
0.95,huber,1.55,1e-06,,bias_sub,1.6,3,1.734615577145285,1.3763504891038862
0.95,huber,1.55,1e-06,,bias_sub,2.0,2,1.6922972451234088,1.3294622315781046
0.95,huber,1.55,1e-06,,bias_sub,2.0,3,1.700275808602075,1.3360284767120636
0.95,huber,1.55,1e-06,,bias_sub,2.4,2,1.6818108846394482,1.3197067215842437
0.95,huber,1.55,1e-06,,bias_sub,2.4,3,1.6844133663910115,1.3208647494827925
0.95,huber,1.55,1e-06,,bias_sub,2.8,2,1.6782990918652763,1.3170108169525936
0.95,huber,1.55,1e-06,,bias_sub,2.8,3,1.6792193559079431,1.3172041710391955
0.95,huber,1.55,1e-06,,bias_sub,3.2,2,1.675586958146101,1.314813676977192
0.95,huber,1.55,1e-06,,bias_sub,3.2,3,1.6765490811493557,1.3153438431661553
0.95,huber,1.55,1e-06,,bias_sub,3.8,2,1.6736889509073682,1.313004201767074
0.95,huber,1.55,1e-06,,bias_sub,3.8,3,1.6737829401880548,1.313104804099499
0.95,huber,1.55,0.0001,,bias_sub,1.2,2,1.750234565434197,1.3927309076359553
0.95,huber,1.55,0.0001,,bias_sub,1.2,3,1.788628774084888,1.4372448571072163
0.95,huber,1.55,0.0001,,bias_sub,1.6,2,1.7123677317250592,1.3541453025373664
0.95,huber,1.55,0.0001,,bias_sub,1.6,3,1.7346156340779764,1.3763505532358413
0.95,huber,1.55,0.0001,,bias_sub,2.0,2,1.6922972915653172,1.329462293773638
0.95,huber,1.55,0.0001,,bias_sub,2.0,3,1.7002757746475756,1.3360284918933971
0.95,huber,1.55,0.0001,,bias_sub,2.4,2,1.68181092964545,1.3197067820935788
0.95,huber,1.55,0.0001,,bias_sub,2.4,3,1.6844133886481119,1.3208648012893693
0.95,huber,1.55,0.0001,,bias_sub,2.8,2,1.6782991305912014,1.317010875680069
0.95,huber,1.55,0.0001,,bias_sub,2.8,3,1.6792193961187447,1.3172042305263705
0.95,huber,1.55,0.0001,,bias_sub,3.2,2,1.6755869932553975,1.31481373303676
0.95,huber,1.55,0.0001,,bias_sub,3.2,3,1.6765491321852206,1.3153439038840087
0.95,huber,1.55,0.0001,,bias_sub,3.8,2,1.6736889724231656,1.313004249879341
0.95,huber,1.55,0.0001,,bias_sub,3.8,3,1.6737829635972579,1.3131048530043903
0.95,huber,1.55,0.001,,bias_sub,1.2,2,1.7502351034954169,1.3927315765069466
0.95,huber,1.55,0.001,,bias_sub,1.2,3,1.7886293486005247,1.4372456883606473
0.95,huber,1.55,0.001,,bias_sub,1.6,2,1.7123681653861542,1.354145855093605
0.95,huber,1.55,0.001,,bias_sub,1.6,3,1.7346161090449788,1.3763510924961995
0.95,huber,1.55,0.001,,bias_sub,2.0,2,1.692297725158171,1.3294628716518073
0.95,huber,1.55,0.001,,bias_sub,2.0,3,1.700276200258354,1.3360290610438421
0.95,huber,1.55,0.001,,bias_sub,2.4,2,1.6818113730761137,1.319707357165457
0.95,huber,1.55,0.001,,bias_sub,2.4,3,1.684413830490297,1.3208653899521585
0.95,huber,1.55,0.001,,bias_sub,2.8,2,1.6782995048440785,1.3170113975554247
0.95,huber,1.55,0.001,,bias_sub,2.8,3,1.679219800137068,1.317204778373414
0.95,huber,1.55,0.001,,bias_sub,3.2,2,1.6755873922386053,1.314814262290199
0.95,huber,1.55,0.001,,bias_sub,3.2,3,1.6765495317439278,1.315344443958209
0.95,huber,1.55,0.001,,bias_sub,3.8,2,1.6736893429554545,1.3130047665035505
0.95,huber,1.55,0.001,,bias_sub,3.8,3,1.673783357635257,1.3131053807724167
0.95,ransac,,,2.2,bias_sub,1.2,2,1.6849636508919257,1.2996512601495964
0.95,ransac,,,2.2,bias_sub,1.2,3,1.7172765916409354,1.3414574498409917
0.95,ransac,,,2.2,bias_sub,1.6,2,1.655335999354287,1.263277427881235
0.95,ransac,,,2.2,bias_sub,1.6,3,1.673160485768849,1.27913967299185
0.95,ransac,,,2.2,bias_sub,2.0,2,1.6387910282932352,1.2459625342397294
0.95,ransac,,,2.2,bias_sub,2.0,3,1.6458420119872872,1.2519387748760857
0.95,ransac,,,2.2,bias_sub,2.4,2,1.6305325609607708,1.237786449002122
0.95,ransac,,,2.2,bias_sub,2.4,3,1.633893954816998,1.240176596116278
0.95,ransac,,,2.2,bias_sub,2.8,2,1.6264432310137993,1.2340398484210175
0.95,ransac,,,2.2,bias_sub,2.8,3,1.6281647520414866,1.2350444455082
0.95,ransac,,,2.2,bias_sub,3.2,2,1.6240517447960408,1.2322535330795694
0.95,ransac,,,2.2,bias_sub,3.2,3,1.6251130582356452,1.2328192462342697
0.95,ransac,,,2.2,bias_sub,3.8,2,1.6229194045593747,1.2308662798371344
0.95,ransac,,,2.2,bias_sub,3.8,3,1.6231056958922718,1.231046127740556
0.95,ransac,,,4.0,bias_sub,1.2,2,1.7322982089861703,1.3887507209301109
0.95,ransac,,,4.0,bias_sub,1.2,3,1.7694054444515632,1.4354737679468723
0.95,ransac,,,4.0,bias_sub,1.6,2,1.694709368575434,1.353370272793614
0.95,ransac,,,4.0,bias_sub,1.6,3,1.717089492791242,1.3738214448826647
0.95,ransac,,,4.0,bias_sub,2.0,2,1.6757867618021567,1.3291528689914964
0.95,ransac,,,4.0,bias_sub,2.0,3,1.6822380712723155,1.3340025478220907
0.95,ransac,,,4.0,bias_sub,2.4,2,1.6668060820947288,1.3210866310559473
0.95,ransac,,,4.0,bias_sub,2.4,3,1.669811037707278,1.3228302087910482
0.95,ransac,,,4.0,bias_sub,2.8,2,1.6631903467252414,1.3183379976566838
0.95,ransac,,,4.0,bias_sub,2.8,3,1.6646730318972345,1.3188979895662805
0.95,ransac,,,4.0,bias_sub,3.2,2,1.6603738745492722,1.3163499838142232
0.95,ransac,,,4.0,bias_sub,3.2,3,1.6614795527509394,1.316886940996524
0.95,ransac,,,4.0,bias_sub,3.8,2,1.6597843850226726,1.314989405953979
0.95,ransac,,,4.0,bias_sub,3.8,3,1.659481979145879,1.3149694058143795
0.95,ransac,,,6.5,bias_sub,1.2,2,1.8732609437800385,1.5381091396506215
0.95,ransac,,,6.5,bias_sub,1.2,3,1.9216672114096653,1.5973704171280996
0.95,ransac,,,6.5,bias_sub,1.6,2,1.8279088440272475,1.491132629491522
0.95,ransac,,,6.5,bias_sub,1.6,3,1.8494434491076235,1.5129732284603072
0.95,ransac,,,6.5,bias_sub,2.0,2,1.801797607119932,1.466229528525684
0.95,ransac,,,6.5,bias_sub,2.0,3,1.8121278517201256,1.475983134912021
0.95,ransac,,,6.5,bias_sub,2.4,2,1.7877185142120258,1.452886798881851
0.95,ransac,,,6.5,bias_sub,2.4,3,1.7918213734593134,1.456804032915337
0.95,ransac,,,6.5,bias_sub,2.8,2,1.7795563087715538,1.4458526016576716
0.95,ransac,,,6.5,bias_sub,2.8,3,1.7810136036138744,1.4474991345213057
0.95,ransac,,,6.5,bias_sub,3.2,2,1.775997083985831,1.443357401338912
0.95,ransac,,,6.5,bias_sub,3.2,3,1.7750544392557683,1.443210438606155
0.95,ransac,,,6.5,bias_sub,3.8,2,1.7750888475955173,1.4422883247703542
0.95,ransac,,,6.5,bias_sub,3.8,3,1.771336266483658,1.4402474144425255
1.0,huber,1.12,1e-06,,raw,1.2,2,1.676794249564728,1.3155491683033833
1.0,huber,1.12,1e-06,,raw,1.2,3,1.707519851926716,1.3549809015144838
1.0,huber,1.12,1e-06,,raw,1.6,2,1.6344553632640302,1.2580249535673176
1.0,huber,1.12,1e-06,,raw,1.6,3,1.6514054793538224,1.2778866383446497
1.0,huber,1.12,1e-06,,raw,2.0,2,1.6198499549083731,1.2409620193711444
1.0,huber,1.12,1e-06,,raw,2.0,3,1.6259569917794223,1.2464627299539008
1.0,huber,1.12,1e-06,,raw,2.4,2,1.6127338662072908,1.2335916480925035
1.0,huber,1.12,1e-06,,raw,2.4,3,1.6161663508953035,1.2359346421854178
1.0,huber,1.12,1e-06,,raw,2.8,2,1.6087892611924044,1.2300982924784187
1.0,huber,1.12,1e-06,,raw,2.8,3,1.6104237068403813,1.231009529782029
1.0,huber,1.12,1e-06,,raw,3.2,2,1.6066143419813943,1.2287197654817201
1.0,huber,1.12,1e-06,,raw,3.2,3,1.6073604077350945,1.2291089985171382
1.0,huber,1.12,1e-06,,raw,3.8,2,1.6069883894098786,1.2281353530007564
1.0,huber,1.12,1e-06,,raw,3.8,3,1.607081934486217,1.2282566503262133
1.0,huber,1.12,0.0001,,raw,1.2,2,1.6767943187974284,1.315549277236273
1.0,huber,1.12,0.0001,,raw,1.2,3,1.7075199331851931,1.3549810127555129
1.0,huber,1.12,0.0001,,raw,1.6,2,1.634455411794726,1.2580250554356438
1.0,huber,1.12,0.0001,,raw,1.6,3,1.6514055473351934,1.2778867591294818
1.0,huber,1.12,0.0001,,raw,2.0,2,1.6198500052103029,1.2409621095988599
1.0,huber,1.12,0.0001,,raw,2.0,3,1.6259570414584237,1.246462823651671
1.0,huber,1.12,0.0001,,raw,2.4,2,1.6127338796016126,1.2335916896863224
1.0,huber,1.12,0.0001,,raw,2.4,3,1.6161664029053866,1.2359347240765768
1.0,huber,1.12,0.0001,,raw,2.8,2,1.6087893115522882,1.2300983750130896
1.0,huber,1.12,0.0001,,raw,2.8,3,1.6104237152295542,1.2310095638169438
1.0,huber,1.12,0.0001,,raw,3.2,2,1.606614386140299,1.2287198428867214
1.0,huber,1.12,0.0001,,raw,3.2,3,1.6073604559510837,1.2291090789762853
1.0,huber,1.12,0.0001,,raw,3.8,2,1.606988442312455,1.2281354357221936
1.0,huber,1.12,0.0001,,raw,3.8,3,1.6070819879152973,1.2282567348972173
1.0,huber,1.12,0.001,,raw,1.2,2,1.67679494310488,1.3155502182367644
1.0,huber,1.12,0.001,,raw,1.2,3,1.7075206860779601,1.3549820241917403
1.0,huber,1.12,0.001,,raw,1.6,2,1.6344559171682194,1.2580260327569242
1.0,huber,1.12,0.001,,raw,1.6,3,1.6514061649671012,1.277887865809321
1.0,huber,1.12,0.001,,raw,2.0,2,1.6198504402461966,1.2409629121011687
1.0,huber,1.12,0.001,,raw,2.0,3,1.6259575282263619,1.2464636910868412
1.0,huber,1.12,0.001,,raw,2.4,2,1.6127343595551529,1.233592492388076
1.0,huber,1.12,0.001,,raw,2.4,3,1.6161668610983013,1.2359355042274511
1.0,huber,1.12,0.001,,raw,2.8,2,1.6087897387101533,1.2300991111904818
1.0,huber,1.12,0.001,,raw,2.8,3,1.6104241868575342,1.231010354769453
1.0,huber,1.12,0.001,,raw,3.2,2,1.6066148125554374,1.228720584362535
1.0,huber,1.12,0.001,,raw,3.2,3,1.6073608892109839,1.2291098163266758
1.0,huber,1.12,0.001,,raw,3.8,2,1.6069888395673948,1.2281361446319576
1.0,huber,1.12,0.001,,raw,3.8,3,1.60708239351964,1.2282574478606747
1.0,huber,1.35,1e-06,,raw,1.2,2,1.7161343066004704,1.3591933190968337
1.0,huber,1.35,1e-06,,raw,1.2,3,1.7498034561434903,1.397642189956302
1.0,huber,1.35,1e-06,,raw,1.6,2,1.6795533371172726,1.3198184574841294
1.0,huber,1.35,1e-06,,raw,1.6,3,1.703118842818367,1.3452223353937995
1.0,huber,1.35,1e-06,,raw,2.0,2,1.6602426867548583,1.2943198384502452
1.0,huber,1.35,1e-06,,raw,2.0,3,1.668750215997607,1.3026521090049878
1.0,huber,1.35,1e-06,,raw,2.4,2,1.650927824018458,1.2834563103119225
1.0,huber,1.35,1e-06,,raw,2.4,3,1.6551148614110298,1.2871918289272777
1.0,huber,1.35,1e-06,,raw,2.8,2,1.6462224209764953,1.2787156984688792
1.0,huber,1.35,1e-06,,raw,2.8,3,1.6484899626149625,1.280314094709004
1.0,huber,1.35,1e-06,,raw,3.2,2,1.6434376841665164,1.2761672600083105
1.0,huber,1.35,1e-06,,raw,3.2,3,1.6445976059753067,1.2768659353352856
1.0,huber,1.35,1e-06,,raw,3.8,2,1.642573963419972,1.2746047341155011
1.0,huber,1.35,1e-06,,raw,3.8,3,1.6427638220489211,1.2748204089826676
1.0,huber,1.35,0.0001,,raw,1.2,2,1.7161343778583757,1.3591934089119082
1.0,huber,1.35,0.0001,,raw,1.2,3,1.74980352781865,1.3976422751069972
1.0,huber,1.35,0.0001,,raw,1.6,2,1.6795533976908894,1.3198185458814027
1.0,huber,1.35,0.0001,,raw,1.6,3,1.7031191848037512,1.3452227994759456
1.0,huber,1.35,0.0001,,raw,2.0,2,1.6602428759733923,1.294320097443275
1.0,huber,1.35,0.0001,,raw,2.0,3,1.6687502856679215,1.3026522057435657
1.0,huber,1.35,0.0001,,raw,2.4,2,1.6509278651539752,1.2834563757830195
1.0,huber,1.35,0.0001,,raw,2.4,3,1.6551147850762469,1.2871917401319484
1.0,huber,1.35,0.0001,,raw,2.8,2,1.6462224712805051,1.2787157667680291
1.0,huber,1.35,0.0001,,raw,2.8,3,1.648490129647326,1.2803143178390008
1.0,huber,1.35,0.0001,,raw,3.2,2,1.6434377333313812,1.2761673267038918
1.0,huber,1.35,0.0001,,raw,3.2,3,1.6445976323077531,1.2768659923598067
1.0,huber,1.35,0.0001,,raw,3.8,2,1.6425741215758067,1.2746049522740308
1.0,huber,1.35,0.0001,,raw,3.8,3,1.6427639932842961,1.2748206349944502
1.0,huber,1.35,0.001,,raw,1.2,2,1.7161349301430482,1.359194166198034
1.0,huber,1.35,0.001,,raw,1.2,3,1.7498041304939527,1.3976430165395988
1.0,huber,1.35,0.001,,raw,1.6,2,1.6795539161789779,1.319819322065111
1.0,huber,1.35,0.001,,raw,1.6,3,1.7031194799010843,1.3452232323169684
1.0,huber,1.35,0.001,,raw,2.0,2,1.6602431913929083,1.294320567372114
1.0,huber,1.35,0.001,,raw,2.0,3,1.668750778451845,1.302652898697401
1.0,huber,1.35,0.001,,raw,2.4,2,1.65092785531864,1.2834564324155133
1.0,huber,1.35,0.001,,raw,2.4,3,1.6551153342625213,1.287192537638999
1.0,huber,1.35,0.001,,raw,2.8,2,1.6462228725711827,1.278716371852436
1.0,huber,1.35,0.001,,raw,2.8,3,1.6484905241002097,1.280314920707
1.0,huber,1.35,0.001,,raw,3.2,2,1.6434381354465422,1.2761679322244261
1.0,huber,1.35,0.001,,raw,3.2,3,1.6445979264998678,1.2768664528294507
1.0,huber,1.35,0.001,,raw,3.8,2,1.6425745151203734,1.2746055400109197
1.0,huber,1.35,0.001,,raw,3.8,3,1.642764372110393,1.274821212325094
1.0,huber,1.55,1e-06,,raw,1.2,2,1.7444370816878814,1.3871983396300855
1.0,huber,1.55,1e-06,,raw,1.2,3,1.7854523710782575,1.4321897530819139
1.0,huber,1.55,1e-06,,raw,1.6,2,1.7037515313586487,1.3448801455158939
1.0,huber,1.55,1e-06,,raw,1.6,3,1.7286794273774304,1.3707737758057845
1.0,huber,1.55,1e-06,,raw,2.0,2,1.6829901008331625,1.319047263918472
1.0,huber,1.55,1e-06,,raw,2.0,3,1.693320070153131,1.328458140607529
1.0,huber,1.55,1e-06,,raw,2.4,2,1.6698603868699402,1.3043768503055204
1.0,huber,1.55,1e-06,,raw,2.4,3,1.6758287365830247,1.3108072636004682
1.0,huber,1.55,1e-06,,raw,2.8,2,1.663749379369911,1.2975880372521762
1.0,huber,1.55,1e-06,,raw,2.8,3,1.6662824501326094,1.2995746273867799
1.0,huber,1.55,1e-06,,raw,3.2,2,1.660130621003891,1.2940872390266416
1.0,huber,1.55,1e-06,,raw,3.2,3,1.6617593234080699,1.2952991715191313
1.0,huber,1.55,1e-06,,raw,3.8,2,1.6582795615789119,1.2916206672019417
1.0,huber,1.55,1e-06,,raw,3.8,3,1.6583819193550515,1.2919638683477
1.0,huber,1.55,0.0001,,raw,1.2,2,1.7444371411260389,1.3871984128386987
1.0,huber,1.55,0.0001,,raw,1.2,3,1.7854524317042324,1.432189835310597
1.0,huber,1.55,0.0001,,raw,1.6,2,1.7037515838314083,1.3448802152444757
1.0,huber,1.55,0.0001,,raw,1.6,3,1.728679483195332,1.3707738498767938
1.0,huber,1.55,0.0001,,raw,2.0,2,1.68299015755196,1.3190473395182691
1.0,huber,1.55,0.0001,,raw,2.0,3,1.6933202034573656,1.328458255229607
1.0,huber,1.55,0.0001,,raw,2.4,2,1.6698604374979602,1.304376922841885
1.0,huber,1.55,0.0001,,raw,2.4,3,1.6758287920607688,1.3108073432682146
1.0,huber,1.55,0.0001,,raw,2.8,2,1.663749425097751,1.2975880960504653
1.0,huber,1.55,0.0001,,raw,2.8,3,1.6662824964733036,1.29957468809551
1.0,huber,1.55,0.0001,,raw,3.2,2,1.66013066603564,1.2940873001806297
1.0,huber,1.55,0.0001,,raw,3.2,3,1.661759368984276,1.2952992340346654
1.0,huber,1.55,0.0001,,raw,3.8,2,1.6582794941634198,1.2916206647116124
1.0,huber,1.55,0.0001,,raw,3.8,3,1.6583819525627426,1.2919639229729312
1.0,huber,1.55,0.001,,raw,1.2,2,1.7444376596700133,1.3871990666630079
1.0,huber,1.55,0.001,,raw,1.2,3,1.7854529802815082,1.4321905714309906
1.0,huber,1.55,0.001,,raw,1.6,2,1.7037521176572592,1.344880878090675
1.0,huber,1.55,0.001,,raw,1.6,3,1.728679984591341,1.3707744797170716
1.0,huber,1.55,0.001,,raw,2.0,2,1.6829907205657773,1.3190480479609228
1.0,huber,1.55,0.001,,raw,2.0,3,1.6933205821082158,1.328458826511111
1.0,huber,1.55,0.001,,raw,2.4,2,1.6698608381728912,1.304377517032495
1.0,huber,1.55,0.001,,raw,2.4,3,1.67582926294743,1.310808037723084
1.0,huber,1.55,0.001,,raw,2.8,2,1.6637497913404575,1.2975886333881244
1.0,huber,1.55,0.001,,raw,2.8,3,1.666282853729433,1.2995752250326578
1.0,huber,1.55,0.001,,raw,3.2,2,1.6601310255165251,1.2940878249775989
1.0,huber,1.55,0.001,,raw,3.2,3,1.661759832648754,1.295299822119135
1.0,huber,1.55,0.001,,raw,3.8,2,1.6582798508549321,1.2916211864136231
1.0,huber,1.55,0.001,,raw,3.8,3,1.6583823154179211,1.2919644506304653
1.0,ransac,,,2.2,raw,1.2,2,1.6786279521885779,1.291852445755821
1.0,ransac,,,2.2,raw,1.2,3,1.7108661900386526,1.334610723626696
1.0,ransac,,,2.2,raw,1.6,2,1.6472432202451175,1.2555608140023309
1.0,ransac,,,2.2,raw,1.6,3,1.6655169444489666,1.2717360079526154
1.0,ransac,,,2.2,raw,2.0,2,1.6318820142740642,1.239197156791398
1.0,ransac,,,2.2,raw,2.0,3,1.6385663353761584,1.244271068513453
1.0,ransac,,,2.2,raw,2.4,2,1.6242387957597912,1.2322564729186474
1.0,ransac,,,2.2,raw,2.4,3,1.6281881362887969,1.234958901774126
1.0,ransac,,,2.2,raw,2.8,2,1.6201179024888328,1.2286051930089894
1.0,ransac,,,2.2,raw,2.8,3,1.622241018860155,1.2298056472485048
1.0,ransac,,,2.2,raw,3.2,2,1.6178098247373505,1.2268963579333807
1.0,ransac,,,2.2,raw,3.2,3,1.619074680326451,1.2275988381201397
1.0,ransac,,,2.2,raw,3.8,2,1.6170175980308743,1.2256093309603973
1.0,ransac,,,2.2,raw,3.8,3,1.617277767066005,1.2258566336379815
1.0,ransac,,,4.0,raw,1.2,2,1.7290417209503182,1.3852639951658
1.0,ransac,,,4.0,raw,1.2,3,1.7654496576943786,1.4283981232483014
1.0,ransac,,,4.0,raw,1.6,2,1.689313123820337,1.3482612619821794
1.0,ransac,,,4.0,raw,1.6,3,1.7128208810070331,1.3706927410430032
1.0,ransac,,,4.0,raw,2.0,2,1.6713990369657126,1.3251561676504608
1.0,ransac,,,4.0,raw,2.0,3,1.6781495436285998,1.3299385804701784
1.0,ransac,,,4.0,raw,2.4,2,1.6625928557567227,1.3171988179842955
1.0,ransac,,,4.0,raw,2.4,3,1.665690616749934,1.3188855324101654
1.0,ransac,,,4.0,raw,2.8,2,1.6586592474641522,1.3142277989303337
1.0,ransac,,,4.0,raw,2.8,3,1.6605257951540735,1.3150439905182767
1.0,ransac,,,4.0,raw,3.2,2,1.6554276365458058,1.3118635214271115
1.0,ransac,,,4.0,raw,3.2,3,1.656691594270718,1.3125359710143567
1.0,ransac,,,4.0,raw,3.8,2,1.6555072601901466,1.3106677408773246
1.0,ransac,,,4.0,raw,3.8,3,1.6550155972299216,1.3106445728526455
1.0,ransac,,,6.5,raw,1.2,2,1.8616839814940285,1.5242814247269714
1.0,ransac,,,6.5,raw,1.2,3,1.910636631597249,1.5839835512525118
1.0,ransac,,,6.5,raw,1.6,2,1.8147355064705128,1.4746761548256662
1.0,ransac,,,6.5,raw,1.6,3,1.8364772666672005,1.4961624609606765
1.0,ransac,,,6.5,raw,2.0,2,1.7904348132239611,1.4517222449435705
1.0,ransac,,,6.5,raw,2.0,3,1.800889474478797,1.4607785041973598
1.0,ransac,,,6.5,raw,2.4,2,1.776635629995628,1.4388909240373466
1.0,ransac,,,6.5,raw,2.4,3,1.7812259868198752,1.4429254987798095
1.0,ransac,,,6.5,raw,2.8,2,1.7684597622769973,1.4319813419846
1.0,ransac,,,6.5,raw,2.8,3,1.7700897776823694,1.433369902941509
1.0,ransac,,,6.5,raw,3.2,2,1.7641329857769612,1.428932246815008
1.0,ransac,,,6.5,raw,3.2,3,1.7642880407985169,1.4293991558145485
1.0,ransac,,,6.5,raw,3.8,2,1.761694333567733,1.426673532143339
1.0,ransac,,,6.5,raw,3.8,3,1.7608892298293255,1.4265843055095284
1.0,huber,1.12,1e-06,,bias_sub,1.2,2,1.6767948076699621,1.3155499339344743
1.0,huber,1.12,1e-06,,bias_sub,1.2,3,1.7075203753350403,1.3549816366428813
1.0,huber,1.12,1e-06,,bias_sub,1.6,2,1.6344557972925908,1.2580257499594567
1.0,huber,1.12,1e-06,,bias_sub,1.6,3,1.6514060521455465,1.2778874158509506
1.0,huber,1.12,1e-06,,bias_sub,2.0,2,1.6198502799224157,1.2409625841899632
1.0,huber,1.12,1e-06,,bias_sub,2.0,3,1.6259574455910628,1.2464634197953088
1.0,huber,1.12,1e-06,,bias_sub,2.4,2,1.6127341817546514,1.2335922166478441
1.0,huber,1.12,1e-06,,bias_sub,2.4,3,1.6161667236409905,1.2359352850613445
1.0,huber,1.12,1e-06,,bias_sub,2.8,2,1.6087895956907903,1.2300988741148189
1.0,huber,1.12,1e-06,,bias_sub,2.8,3,1.61042403611949,1.2310100925951974
1.0,huber,1.12,1e-06,,bias_sub,3.2,2,1.6066146087603828,1.2287203100243633
1.0,huber,1.12,1e-06,,bias_sub,3.2,3,1.60736068533395,1.2291095501645086
1.0,huber,1.12,1e-06,,bias_sub,3.8,2,1.6069886495494234,1.22813587781772
1.0,huber,1.12,1e-06,,bias_sub,3.8,3,1.6070821931383104,1.2282571739468624
1.0,huber,1.12,0.0001,,bias_sub,1.2,2,1.6767948878218177,1.3155500548030568
1.0,huber,1.12,0.0001,,bias_sub,1.2,3,1.7075204528411914,1.3549817438229979
1.0,huber,1.12,0.0001,,bias_sub,1.6,2,1.634455865515447,1.258025875445542
1.0,huber,1.12,0.0001,,bias_sub,1.6,3,1.651406120566422,1.2778875378535293
1.0,huber,1.12,0.0001,,bias_sub,2.0,2,1.6198503566096654,1.2409627085905484
1.0,huber,1.12,0.0001,,bias_sub,2.0,3,1.6259573732406567,1.2464634334082894
1.0,huber,1.12,0.0001,,bias_sub,2.4,2,1.612734231779617,1.233592299367015
1.0,huber,1.12,0.0001,,bias_sub,2.4,3,1.6161667744227823,1.235935372679217
1.0,huber,1.12,0.0001,,bias_sub,2.8,2,1.6087896065685037,1.2300989175837687
1.0,huber,1.12,0.0001,,bias_sub,2.8,3,1.6104240824028508,1.2310101756685097
1.0,huber,1.12,0.0001,,bias_sub,3.2,2,1.6066147113351306,1.2287204176924222
1.0,huber,1.12,0.0001,,bias_sub,3.2,3,1.607360795300644,1.2291096616196213
1.0,huber,1.12,0.0001,,bias_sub,3.8,2,1.606988696973564,1.228135958262156
1.0,huber,1.12,0.0001,,bias_sub,3.8,3,1.6070822343129167,1.2282572514081431
1.0,huber,1.12,0.001,,bias_sub,1.2,2,1.6767955012279656,1.3155509897409488
1.0,huber,1.12,0.001,,bias_sub,1.2,3,1.7075211928085607,1.3549827436672441
1.0,huber,1.12,0.001,,bias_sub,1.6,2,1.6344563622508055,1.2580268426159011
1.0,huber,1.12,0.001,,bias_sub,1.6,3,1.6514067259948182,1.2778886337469888
1.0,huber,1.12,0.001,,bias_sub,2.0,2,1.619850823917102,1.2409635264649448
1.0,huber,1.12,0.001,,bias_sub,2.0,3,1.6259578895004585,1.2464643342358075
1.0,huber,1.12,0.001,,bias_sub,2.4,2,1.6127347013823938,1.2335930954911742
1.0,huber,1.12,0.001,,bias_sub,2.4,3,1.6161672285028998,1.235936140228477
1.0,huber,1.12,0.001,,bias_sub,2.8,2,1.6087900685163827,1.2300996887876219
1.0,huber,1.12,0.001,,bias_sub,2.8,3,1.61042450454356,1.2310109111156098
1.0,huber,1.12,0.001,,bias_sub,3.2,2,1.6066150639922396,1.2287211052902798
1.0,huber,1.12,0.001,,bias_sub,3.2,3,1.6073612424809915,1.2291104681528215
1.0,huber,1.12,0.001,,bias_sub,3.8,2,1.6069879312914284,1.228135287687962
1.0,huber,1.12,0.001,,bias_sub,3.8,3,1.607082673801465,1.2282579907617062
1.0,huber,1.35,1e-06,,bias_sub,1.2,2,1.7161325870319775,1.3591921840672794
1.0,huber,1.35,1e-06,,bias_sub,1.2,3,1.7498009533402643,1.3976408807034142
1.0,huber,1.35,1e-06,,bias_sub,1.6,2,1.6795512741111798,1.3198170410766878
1.0,huber,1.35,1e-06,,bias_sub,1.6,3,1.7031168571007713,1.3452211629054938
1.0,huber,1.35,1e-06,,bias_sub,2.0,2,1.660241049894094,1.2943190940184597
1.0,huber,1.35,1e-06,,bias_sub,2.0,3,1.6687483411542496,1.3026510697542275
1.0,huber,1.35,1e-06,,bias_sub,2.4,2,1.6509258988152407,1.2834551597359256
1.0,huber,1.35,1e-06,,bias_sub,2.4,3,1.6551132077222472,1.2871910692337392
1.0,huber,1.35,1e-06,,bias_sub,2.8,2,1.6462209128625909,1.2787149335475414
1.0,huber,1.35,1e-06,,bias_sub,2.8,3,1.6484885535265745,1.2803134637219062
1.0,huber,1.35,1e-06,,bias_sub,3.2,2,1.6434361562822275,1.2761664817396579
1.0,huber,1.35,1e-06,,bias_sub,3.2,3,1.6445960332941023,1.2768651277023881
1.0,huber,1.35,1e-06,,bias_sub,3.8,2,1.64257270524034,1.2746042319904274
1.0,huber,1.35,1e-06,,bias_sub,3.8,3,1.64276256693682,1.2748199090911925
1.0,huber,1.35,0.0001,,bias_sub,1.2,2,1.7161326455508275,1.3591922701248094
1.0,huber,1.35,0.0001,,bias_sub,1.2,3,1.7498010201081688,1.397640959638776
1.0,huber,1.35,0.0001,,bias_sub,1.6,2,1.6795516105779207,1.3198174964940645
1.0,huber,1.35,0.0001,,bias_sub,1.6,3,1.7031169463673583,1.3452212728186421
1.0,huber,1.35,0.0001,,bias_sub,2.0,2,1.6602412459546543,1.2943193560848576
1.0,huber,1.35,0.0001,,bias_sub,2.0,3,1.6687484033306847,1.3026511571655202
1.0,huber,1.35,0.0001,,bias_sub,2.4,2,1.6509263784349417,1.2834557944318465
1.0,huber,1.35,0.0001,,bias_sub,2.4,3,1.655113378929275,1.2871912987263827
1.0,huber,1.35,0.0001,,bias_sub,2.8,2,1.6462209638399525,1.278715004049091
1.0,huber,1.35,0.0001,,bias_sub,2.8,3,1.6484885816761237,1.2803135222185886
1.0,huber,1.35,0.0001,,bias_sub,3.2,2,1.6434362030644833,1.2761665473698593
1.0,huber,1.35,0.0001,,bias_sub,3.2,3,1.644596075361199,1.2768651956810266
1.0,huber,1.35,0.0001,,bias_sub,3.8,2,1.642572744213395,1.2746042935061137
1.0,huber,1.35,0.0001,,bias_sub,3.8,3,1.6427626045867911,1.2748199699260092
1.0,huber,1.35,0.001,,bias_sub,1.2,2,1.7161332022932283,1.359193022001059
1.0,huber,1.35,0.001,,bias_sub,1.2,3,1.7498016301272632,1.3976417065773992
1.0,huber,1.35,0.001,,bias_sub,1.6,2,1.679552136756425,1.3198182762884136
1.0,huber,1.35,0.001,,bias_sub,1.6,3,1.703117509575748,1.345222073283877
1.0,huber,1.35,0.001,,bias_sub,2.0,2,1.6602415762367857,1.294319836730605
1.0,huber,1.35,0.001,,bias_sub,2.0,3,1.6687489236512096,1.3026518797180624
1.0,huber,1.35,0.001,,bias_sub,2.4,2,1.650926803194065,1.283456415998819
1.0,huber,1.35,0.001,,bias_sub,2.4,3,1.6551137967809855,1.2871919339887008
1.0,huber,1.35,0.001,,bias_sub,2.8,2,1.6462212424470994,1.2787154493256474
1.0,huber,1.35,0.001,,bias_sub,2.8,3,1.6484889847864725,1.280314133470044
1.0,huber,1.35,0.001,,bias_sub,3.2,2,1.6434365951486611,1.2761671475421068
1.0,huber,1.35,0.001,,bias_sub,3.2,3,1.6445964713766565,1.2768658004271944
1.0,huber,1.35,0.001,,bias_sub,3.8,2,1.6425731192175164,1.2746048667430148
1.0,huber,1.35,0.001,,bias_sub,3.8,3,1.642762867622878,1.274820389121994
1.0,huber,1.55,1e-06,,bias_sub,1.2,2,1.7444369183051036,1.3871973024056279
1.0,huber,1.55,1e-06,,bias_sub,1.2,3,1.7854516850671531,1.4321886218302122
1.0,huber,1.55,1e-06,,bias_sub,1.6,2,1.703751938102291,1.3448803367265152
1.0,huber,1.55,1e-06,,bias_sub,1.6,3,1.7286807345419049,1.3707748556823176
1.0,huber,1.55,1e-06,,bias_sub,2.0,2,1.6829895615823331,1.3190460093088645
1.0,huber,1.55,1e-06,,bias_sub,2.0,3,1.6933199508397354,1.3284574661306736
1.0,huber,1.55,1e-06,,bias_sub,2.4,2,1.669860421824807,1.304376317524982
1.0,huber,1.55,1e-06,,bias_sub,2.4,3,1.6758283654381667,1.3108060797033676
1.0,huber,1.55,1e-06,,bias_sub,2.8,2,1.6637495185814848,1.297587473641353
1.0,huber,1.55,1e-06,,bias_sub,2.8,3,1.6662825730248916,1.2995740143385566
1.0,huber,1.55,1e-06,,bias_sub,3.2,2,1.6601306651062229,1.2940866074347277
1.0,huber,1.55,1e-06,,bias_sub,3.2,3,1.6617595016505762,1.2952985923216012
1.0,huber,1.55,1e-06,,bias_sub,3.8,2,1.6582795485676083,1.2916200591226192
1.0,huber,1.55,1e-06,,bias_sub,3.8,3,1.6583819976391656,1.291963326617862
1.0,huber,1.55,0.0001,,bias_sub,1.2,2,1.7444369820272785,1.3871973776246902
1.0,huber,1.55,0.0001,,bias_sub,1.2,3,1.7854517455547676,1.4321887045745978
1.0,huber,1.55,0.0001,,bias_sub,1.6,2,1.7037519885118384,1.3448804047286118
1.0,huber,1.55,0.0001,,bias_sub,1.6,3,1.7286807917368268,1.3707749266763962
1.0,huber,1.55,0.0001,,bias_sub,2.0,2,1.6829896135270566,1.319046079844623
1.0,huber,1.55,0.0001,,bias_sub,2.0,3,1.693320001209523,1.3284575339692573
1.0,huber,1.55,0.0001,,bias_sub,2.4,2,1.6698604702083173,1.3043763864874356
1.0,huber,1.55,0.0001,,bias_sub,2.4,3,1.6758284191793231,1.310806156419227
1.0,huber,1.55,0.0001,,bias_sub,2.8,2,1.6637495531620121,1.2975875313255278
1.0,huber,1.55,0.0001,,bias_sub,2.8,3,1.6662826114754368,1.2995740754471024
1.0,huber,1.55,0.0001,,bias_sub,3.2,2,1.6601306996695724,1.2940866607255554
1.0,huber,1.55,0.0001,,bias_sub,3.2,3,1.661759548783352,1.2952986553785428
1.0,huber,1.55,0.0001,,bias_sub,3.8,2,1.6582795906808585,1.2916201161774792
1.0,huber,1.55,0.0001,,bias_sub,3.8,3,1.6583820392915996,1.2919633819785556
1.0,huber,1.55,0.001,,bias_sub,1.2,2,1.7444375023051826,1.3871980329957088
1.0,huber,1.55,0.001,,bias_sub,1.2,3,1.7854522991951676,1.43218944440011
1.0,huber,1.55,0.001,,bias_sub,1.6,2,1.7037524586095092,1.3448810338754182
1.0,huber,1.55,0.001,,bias_sub,1.6,3,1.7286812901177369,1.370775559140752
1.0,huber,1.55,0.001,,bias_sub,2.0,2,1.6829901812107901,1.3190467896463312
1.0,huber,1.55,0.001,,bias_sub,2.0,3,1.693320465142758,1.3284581554604635
1.0,huber,1.55,0.001,,bias_sub,2.4,2,1.6698607844217395,1.304376932302766
1.0,huber,1.55,0.001,,bias_sub,2.4,3,1.675828893983857,1.310806850846781
1.0,huber,1.55,0.001,,bias_sub,2.8,2,1.6637498266276032,1.2975880093346224
1.0,huber,1.55,0.001,,bias_sub,2.8,3,1.666282978169094,1.2995746139048006
1.0,huber,1.55,0.001,,bias_sub,3.2,2,1.660131072600756,1.2940871946198997
1.0,huber,1.55,0.001,,bias_sub,3.2,3,1.6617600078273453,1.2952992417990867
1.0,huber,1.55,0.001,,bias_sub,3.8,2,1.658279947080605,1.291620639807643
1.0,huber,1.55,0.001,,bias_sub,3.8,3,1.6583824993046523,1.2919639609728768
1.0,ransac,,,2.2,bias_sub,1.2,2,1.6786279489626326,1.2918524432321838
1.0,ransac,,,2.2,bias_sub,1.2,3,1.7108661507277123,1.3346106610523385
1.0,ransac,,,2.2,bias_sub,1.6,2,1.6472432143439382,1.2555608080804042
1.0,ransac,,,2.2,bias_sub,1.6,3,1.6655169311654197,1.2717359887138622
1.0,ransac,,,2.2,bias_sub,2.0,2,1.6318820130539273,1.2391971571273626
1.0,ransac,,,2.2,bias_sub,2.0,3,1.638566340510891,1.2442710701382123
1.0,ransac,,,2.2,bias_sub,2.4,2,1.624238797393279,1.232256467982254
1.0,ransac,,,2.2,bias_sub,2.4,3,1.6281881354095449,1.2349588987171862
1.0,ransac,,,2.2,bias_sub,2.8,2,1.6201178892134795,1.2286051831316922
1.0,ransac,,,2.2,bias_sub,2.8,3,1.6222410100060891,1.2298056368980215
1.0,ransac,,,2.2,bias_sub,3.2,2,1.61780981929902,1.2268963573895548
1.0,ransac,,,2.2,bias_sub,3.2,3,1.6190746840646295,1.2275988418776995
1.0,ransac,,,2.2,bias_sub,3.8,2,1.6170175790252632,1.2256093218903479
1.0,ransac,,,2.2,bias_sub,3.8,3,1.61727777001383,1.2258566332067902
1.0,ransac,,,4.0,bias_sub,1.2,2,1.729041718084113,1.3852639957552606
1.0,ransac,,,4.0,bias_sub,1.2,3,1.7654496535483652,1.428398118582336
1.0,ransac,,,4.0,bias_sub,1.6,2,1.6893131207639729,1.3482612601497477
1.0,ransac,,,4.0,bias_sub,1.6,3,1.71282087682456,1.3706927401339817
1.0,ransac,,,4.0,bias_sub,2.0,2,1.6713990391916984,1.325156168689536
1.0,ransac,,,4.0,bias_sub,2.0,3,1.678149563489521,1.3299385887520063
1.0,ransac,,,4.0,bias_sub,2.4,2,1.662592852012956,1.3171988167043782
1.0,ransac,,,4.0,bias_sub,2.4,3,1.66569061895331,1.3188855339610823
1.0,ransac,,,4.0,bias_sub,2.8,2,1.6586592696902938,1.3142278117566562
1.0,ransac,,,4.0,bias_sub,2.8,3,1.660525803555534,1.3150439956234536
1.0,ransac,,,4.0,bias_sub,3.2,2,1.6554276366777538,1.311863523828558
1.0,ransac,,,4.0,bias_sub,3.2,3,1.6566915670287985,1.3125359549837103
1.0,ransac,,,4.0,bias_sub,3.8,2,1.655507256071871,1.3106677446850188
1.0,ransac,,,4.0,bias_sub,3.8,3,1.6550156009767745,1.3106445798849007
1.0,ransac,,,6.5,bias_sub,1.2,2,1.8616839666865561,1.52428141337388
1.0,ransac,,,6.5,bias_sub,1.2,3,1.910636624316835,1.5839835430004734
1.0,ransac,,,6.5,bias_sub,1.6,2,1.8147354977865666,1.474676150788892
1.0,ransac,,,6.5,bias_sub,1.6,3,1.8364772647139622,1.4961624601144838
1.0,ransac,,,6.5,bias_sub,2.0,2,1.7904348086239874,1.4517222428207346
1.0,ransac,,,6.5,bias_sub,2.0,3,1.8008894746923438,1.4607785043726913
1.0,ransac,,,6.5,bias_sub,2.4,2,1.7766356213598518,1.4388909207993998
1.0,ransac,,,6.5,bias_sub,2.4,3,1.7812259817111125,1.4429254966868348
1.0,ransac,,,6.5,bias_sub,2.8,2,1.768459767504885,1.4319813431857402
1.0,ransac,,,6.5,bias_sub,2.8,3,1.7700897783170837,1.4333698998070072
1.0,ransac,,,6.5,bias_sub,3.2,2,1.764132984688698,1.4289322436946568
1.0,ransac,,,6.5,bias_sub,3.2,3,1.7642880408959234,1.4293991554972463
1.0,ransac,,,6.5,bias_sub,3.8,2,1.761694329236214,1.4266735293187307
1.0,ransac,,,6.5,bias_sub,3.8,3,1.760889228101633,1.4265843025435672
1.35,huber,1.12,1e-06,,raw,1.2,2,1.6587180791984741,1.2892904461549695
1.35,huber,1.12,1e-06,,raw,1.2,3,1.6975220077248976,1.339283760220621
1.35,huber,1.12,1e-06,,raw,1.6,2,1.6150054000524412,1.2331129732232984
1.35,huber,1.12,1e-06,,raw,1.6,3,1.6419068181713614,1.2622678735758321
1.35,huber,1.12,1e-06,,raw,2.0,2,1.5986170861846705,1.2197536298097154
1.35,huber,1.12,1e-06,,raw,2.0,3,1.607304357191938,1.2236030335866193
1.35,huber,1.12,1e-06,,raw,2.4,2,1.5928895844051967,1.2180340576653845
1.35,huber,1.12,1e-06,,raw,2.4,3,1.5976540172671811,1.2192886673069396
1.35,huber,1.12,1e-06,,raw,2.8,2,1.5889444251574598,1.2165706745473501
1.35,huber,1.12,1e-06,,raw,2.8,3,1.5914788402252427,1.2174112165940068
1.35,huber,1.12,1e-06,,raw,3.2,2,1.5892662324983167,1.2166157605165289
1.35,huber,1.12,1e-06,,raw,3.2,3,1.590140398496929,1.2169791879979126
1.35,huber,1.12,1e-06,,raw,3.8,2,1.5926446444865732,1.2171903993142417
1.35,huber,1.12,1e-06,,raw,3.8,3,1.5915294378655414,1.216932781147057
1.35,huber,1.12,0.0001,,raw,1.2,2,1.6587181467359833,1.2892905515175137
1.35,huber,1.12,0.0001,,raw,1.2,3,1.6975220848002488,1.3392838649391265
1.35,huber,1.12,0.0001,,raw,1.6,2,1.615005455188466,1.2331130698172768
1.35,huber,1.12,0.0001,,raw,1.6,3,1.641906893394582,1.262267995568008
1.35,huber,1.12,0.0001,,raw,2.0,2,1.59861713117052,1.2197537075064357
1.35,huber,1.12,0.0001,,raw,2.0,3,1.6073044073560412,1.2236031129700973
1.35,huber,1.12,0.0001,,raw,2.4,2,1.5928896421957637,1.2180341499219665
1.35,huber,1.12,0.0001,,raw,2.4,3,1.597654069265238,1.2192887481816108
1.35,huber,1.12,0.0001,,raw,2.8,2,1.588944480358224,1.216570761956128
1.35,huber,1.12,0.0001,,raw,2.8,3,1.5914788698526712,1.2174112771132264
1.35,huber,1.12,0.0001,,raw,3.2,2,1.589266274717335,1.2166158338745565
1.35,huber,1.12,0.0001,,raw,3.2,3,1.5901404494636144,1.2169792640676333
1.35,huber,1.12,0.0001,,raw,3.8,2,1.592644687632467,1.2171904702968486
1.35,huber,1.12,0.0001,,raw,3.8,3,1.5915294691030042,1.2169328529384258
1.35,huber,1.12,0.001,,raw,1.2,2,1.6587188186153552,1.2892915223241688
1.35,huber,1.12,0.001,,raw,1.2,3,1.6975228050175577,1.3392848154780626
1.35,huber,1.12,0.001,,raw,1.6,2,1.615005923790569,1.2331139300095397
1.35,huber,1.12,0.001,,raw,1.6,3,1.6419074864224963,1.2622690660403808
1.35,huber,1.12,0.001,,raw,2.0,2,1.5986175916973846,1.2197544302794185
1.35,huber,1.12,0.001,,raw,2.0,3,1.6073048835434331,1.2236038628590573
1.35,huber,1.12,0.001,,raw,2.4,2,1.5928900812843374,1.2180348638879763
1.35,huber,1.12,0.001,,raw,2.4,3,1.5976545375154747,1.2192894904569611
1.35,huber,1.12,0.001,,raw,2.8,2,1.588944878640102,1.216571435269854
1.35,huber,1.12,0.001,,raw,2.8,3,1.5914792969313605,1.2174119680150006
1.35,huber,1.12,0.001,,raw,3.2,2,1.589266673072663,1.2166165129328275
1.35,huber,1.12,0.001,,raw,3.2,3,1.5901408560721706,1.216979953731338
1.35,huber,1.12,0.001,,raw,3.8,2,1.5926451098062668,1.217191170769781
1.35,huber,1.12,0.001,,raw,3.8,3,1.59152987982295,1.2169335355540496
1.35,huber,1.35,1e-06,,raw,1.2,2,1.692747125430192,1.333800919679039
1.35,huber,1.35,1e-06,,raw,1.2,3,1.7308868021183879,1.3778256374890265
1.35,huber,1.35,1e-06,,raw,1.6,2,1.6363762912709618,1.266609314028295
1.35,huber,1.35,1e-06,,raw,1.6,3,1.6767707781995982,1.3119934034166019
1.35,huber,1.35,1e-06,,raw,2.0,2,1.6198124828894356,1.246414596466214
1.35,huber,1.35,1e-06,,raw,2.0,3,1.6419605985833596,1.2651304901243554
1.35,huber,1.35,1e-06,,raw,2.4,2,1.6120035882402448,1.2416073104917815
1.35,huber,1.35,1e-06,,raw,2.4,3,1.6387941375586148,1.2627392841100602
1.35,huber,1.35,1e-06,,raw,2.8,2,1.606358868964454,1.2379197043018295
1.35,huber,1.35,1e-06,,raw,2.8,3,1.631454668913687,1.2593007089530335
1.35,huber,1.35,1e-06,,raw,3.2,2,1.6049648560865621,1.2363996692749037
1.35,huber,1.35,1e-06,,raw,3.2,3,1.6276200550435345,1.2576317897423006
1.35,huber,1.35,1e-06,,raw,3.8,2,1.6082749596104924,1.2363558266232597
1.35,huber,1.35,1e-06,,raw,3.8,3,1.6285293417402198,1.2570467387789743
1.35,huber,1.35,0.0001,,raw,1.2,2,1.6927471769952764,1.3338009924223262
1.35,huber,1.35,0.0001,,raw,1.2,3,1.7308868598314522,1.3778257096096889
1.35,huber,1.35,0.0001,,raw,1.6,2,1.6363763423205022,1.2666094066332623
1.35,huber,1.35,0.0001,,raw,1.6,3,1.6767708443037164,1.3119934956392267
1.35,huber,1.35,0.0001,,raw,2.0,2,1.6198125269349926,1.2464146658596473
1.35,huber,1.35,0.0001,,raw,2.0,3,1.6419606382674532,1.2651305522113212
1.35,huber,1.35,0.0001,,raw,2.4,2,1.6120036254935284,1.2416073743002694
1.35,huber,1.35,0.0001,,raw,2.4,3,1.6387941786917624,1.2627393478664335
1.35,huber,1.35,0.0001,,raw,2.8,2,1.6063589044320639,1.2379197579820886
1.35,huber,1.35,0.0001,,raw,2.8,3,1.6314547152730108,1.259300772813746
1.35,huber,1.35,0.0001,,raw,3.2,2,1.6049648866276267,1.2363997232132704
1.35,huber,1.35,0.0001,,raw,3.2,3,1.627620090822257,1.257631851734704
1.35,huber,1.35,0.0001,,raw,3.8,2,1.608274996263776,1.2363558851443472
1.35,huber,1.35,0.0001,,raw,3.8,3,1.6285293776088192,1.2570468000610802
1.35,huber,1.35,0.001,,raw,1.2,2,1.6927477105531696,1.3338017289524882
1.35,huber,1.35,0.001,,raw,1.2,3,1.7308874485645604,1.3778264190677103
1.35,huber,1.35,0.001,,raw,1.6,2,1.6363767885016964,1.266610220584557
1.35,huber,1.35,0.001,,raw,1.6,3,1.6767713938179887,1.311994299620461
1.35,huber,1.35,0.001,,raw,2.0,2,1.6198129052724821,1.246415269401196
1.35,huber,1.35,0.001,,raw,2.0,3,1.6419610045094792,1.2651310988308424
1.35,huber,1.35,0.001,,raw,2.4,2,1.6120039759662244,1.2416079473119086
1.35,huber,1.35,0.001,,raw,2.4,3,1.6387945564945068,1.262739967465428
1.35,huber,1.35,0.001,,raw,2.8,2,1.6063592452899909,1.237920314307912
1.35,huber,1.35,0.001,,raw,2.8,3,1.6314550550109224,1.259301336524902
1.35,huber,1.35,0.001,,raw,3.2,2,1.6049652118113835,1.2364002629860391
1.35,huber,1.35,0.001,,raw,3.2,3,1.6276204213505203,1.257632400781594
1.35,huber,1.35,0.001,,raw,3.8,2,1.6082753254129536,1.2363564176821393
1.35,huber,1.35,0.001,,raw,3.8,3,1.628529688158103,1.2570473329311758
1.35,huber,1.55,1e-06,,raw,1.2,2,1.7174834928330958,1.361666605078491
1.35,huber,1.55,1e-06,,raw,1.2,3,1.7617643536239864,1.408493909084483
1.35,huber,1.55,1e-06,,raw,1.6,2,1.663819445231157,1.3018744570845124
1.35,huber,1.55,1e-06,,raw,1.6,3,1.697540671787844,1.3356794527423084
1.35,huber,1.55,1e-06,,raw,2.0,2,1.6463751517962437,1.2771397581858865
1.35,huber,1.55,1e-06,,raw,2.0,3,1.6597253106238554,1.2820049497111772
1.35,huber,1.55,1e-06,,raw,2.4,2,1.6362924123901814,1.2690862830749625
1.35,huber,1.55,1e-06,,raw,2.4,3,1.6663278339339407,1.293728230212179
1.35,huber,1.55,1e-06,,raw,2.8,2,1.6289767201421061,1.2631545213543207
1.35,huber,1.55,1e-06,,raw,2.8,3,1.656289772158219,1.286372220853961
1.35,huber,1.55,1e-06,,raw,3.2,2,1.6270923608569945,1.2607722904696659
1.35,huber,1.55,1e-06,,raw,3.2,3,1.6507767153877846,1.2833032736499648
1.35,huber,1.55,1e-06,,raw,3.8,2,1.6302097191877425,1.2599283409979214
1.35,huber,1.55,1e-06,,raw,3.8,3,1.6514132175296372,1.281992323999135
1.35,huber,1.55,0.0001,,raw,1.2,2,1.7174835456774973,1.3616666813002447
1.35,huber,1.55,0.0001,,raw,1.2,3,1.7617644233858627,1.4084939948331816
1.35,huber,1.55,0.0001,,raw,1.6,2,1.6638194940473243,1.3018745337473971
1.35,huber,1.55,0.0001,,raw,1.6,3,1.6975407482948375,1.3356795495779807
1.35,huber,1.55,0.0001,,raw,2.0,2,1.6463751904910562,1.2771398167679353
1.35,huber,1.55,0.0001,,raw,2.0,3,1.6597253564431624,1.282005017089188
1.35,huber,1.55,0.0001,,raw,2.4,2,1.6362924445572193,1.2690863386380038
1.35,huber,1.55,0.0001,,raw,2.4,3,1.6663278719797148,1.2937282871756202
1.35,huber,1.55,0.0001,,raw,2.8,2,1.6289767583312793,1.2631545755557336
1.35,huber,1.55,0.0001,,raw,2.8,3,1.6562898007987987,1.28637227090956
1.35,huber,1.55,0.0001,,raw,3.2,2,1.6270923974303624,1.2607723492870444
1.35,huber,1.55,0.0001,,raw,3.2,3,1.650776743707618,1.2833033303864805
1.35,huber,1.55,0.0001,,raw,3.8,2,1.6302097459337863,1.259928385946368
1.35,huber,1.55,0.0001,,raw,3.8,3,1.6514132493627303,1.2819923741915065
1.35,huber,1.55,0.001,,raw,1.2,2,1.7174840426215736,1.3616673820637775
1.35,huber,1.55,0.001,,raw,1.2,3,1.761765075273167,1.408494770458388
1.35,huber,1.55,0.001,,raw,1.6,2,1.6638199412926178,1.3018751919487153
1.35,huber,1.55,0.001,,raw,1.6,3,1.6975413882404047,1.3356803585910846
1.35,huber,1.55,0.001,,raw,2.0,2,1.6463755263036126,1.277140349867063
1.35,huber,1.55,0.001,,raw,2.0,3,1.6597257093013988,1.282005578737709
1.35,huber,1.55,0.001,,raw,2.4,2,1.6362927634036288,1.2690868476185753
1.35,huber,1.55,0.001,,raw,2.4,3,1.6663282191548936,1.2937288163456766
1.35,huber,1.55,0.001,,raw,2.8,2,1.6289770292248118,1.2631550498408055
1.35,huber,1.55,0.001,,raw,2.8,3,1.656290091215306,1.286372758102363
1.35,huber,1.55,0.001,,raw,3.2,2,1.6270926717945788,1.2607728186689868
1.35,huber,1.55,0.001,,raw,3.2,3,1.6507770308974832,1.2833038133673706
1.35,huber,1.55,0.001,,raw,3.8,2,1.6302100145387888,1.259928851426606
1.35,huber,1.55,0.001,,raw,3.8,3,1.6514135214739991,1.2819928460751797
1.35,ransac,,,2.2,raw,1.2,2,1.6607736127452186,1.2707145658027255
1.35,ransac,,,2.2,raw,1.2,3,1.6931849988798435,1.316206493092299
1.35,ransac,,,2.2,raw,1.6,2,1.6240415828820132,1.2293019161692653
1.35,ransac,,,2.2,raw,1.6,3,1.647065784618641,1.2459201062487562
1.35,ransac,,,2.2,raw,2.0,2,1.6085631031315002,1.2143335559853785
1.35,ransac,,,2.2,raw,2.0,3,1.638408474419414,1.2371629851143158
1.35,ransac,,,2.2,raw,2.4,2,1.6014813600615538,1.2097569673761088
1.35,ransac,,,2.2,raw,2.4,3,1.6278645833198988,1.2304557309557127
1.35,ransac,,,2.2,raw,2.8,2,1.5967398800126833,1.2067070652681064
1.35,ransac,,,2.2,raw,2.8,3,1.6217488705893135,1.227990097265237
1.35,ransac,,,2.2,raw,3.2,2,1.594691270159434,1.204825258661642
1.35,ransac,,,2.2,raw,3.2,3,1.61734948591981,1.2260241364157376
1.35,ransac,,,2.2,raw,3.8,2,1.6195659377282678,1.2258139674097492
1.35,ransac,,,2.2,raw,3.8,3,1.6188257249369151,1.2257436260348624
1.35,ransac,,,4.0,raw,1.2,2,1.6525728004303308,1.337022776049475
1.35,ransac,,,4.0,raw,1.2,3,1.6719414095861913,1.3662742243606247
1.35,ransac,,,4.0,raw,1.6,2,1.622049516165791,1.298612802737784
1.35,ransac,,,4.0,raw,1.6,3,1.6302574870859867,1.316018125863558
1.35,ransac,,,4.0,raw,2.0,2,1.6131581509391435,1.282682542177402
1.35,ransac,,,4.0,raw,2.0,3,1.6152347137882068,1.2864966343817057
1.35,ransac,,,4.0,raw,2.4,2,1.612046771801306,1.2782435989008691
1.35,ransac,,,4.0,raw,2.4,3,1.6152350020755624,1.2820795314137987
1.35,ransac,,,4.0,raw,2.8,2,1.6105470728263995,1.2738635873019077
1.35,ransac,,,4.0,raw,2.8,3,1.6119678564535855,1.2757414803261542
1.35,ransac,,,4.0,raw,3.2,2,1.61246907747604,1.2732800612875872
1.35,ransac,,,4.0,raw,3.2,3,1.6118076874587521,1.2736596180895023
1.35,ransac,,,4.0,raw,3.8,2,1.617282450143588,1.2732526485011666
1.35,ransac,,,4.0,raw,3.8,3,1.6155833430683186,1.273057647939848
1.35,ransac,,,6.5,raw,1.2,2,1.7138511982758484,1.4185440287556166
1.35,ransac,,,6.5,raw,1.2,3,1.7529716694449773,1.4584860800826276
1.35,ransac,,,6.5,raw,1.6,2,1.674837240283351,1.3732867322127216
1.35,ransac,,,6.5,raw,1.6,3,1.684566045301784,1.3849375710581688
1.35,ransac,,,6.5,raw,2.0,2,1.658261538876277,1.3511457414188839
1.35,ransac,,,6.5,raw,2.0,3,1.6582837269742845,1.3522696117618929
1.35,ransac,,,6.5,raw,2.4,2,1.65233285942635,1.3408604230139256
1.35,ransac,,,6.5,raw,2.4,3,1.6513050680130754,1.3400956083009765
1.35,ransac,,,6.5,raw,2.8,2,1.6530880702593467,1.34007689284771
1.35,ransac,,,6.5,raw,2.8,3,1.652285491031601,1.3393067228997688
1.35,ransac,,,6.5,raw,3.2,2,1.65527372436067,1.3402945945309317
1.35,ransac,,,6.5,raw,3.2,3,1.6583960839580592,1.3481506280902864
1.35,ransac,,,6.5,raw,3.8,2,1.660071007210135,1.340113558073895
1.35,ransac,,,6.5,raw,3.8,3,1.6838540690389066,1.3721894504434753
1.35,huber,1.12,1e-06,,bias_sub,1.2,2,1.658718604329881,1.2892912143562887
1.35,huber,1.12,1e-06,,bias_sub,1.2,3,1.6975226190065624,1.3392845858632707
1.35,huber,1.12,1e-06,,bias_sub,1.6,2,1.6150057966897169,1.2331136345458718
1.35,huber,1.12,1e-06,,bias_sub,1.6,3,1.6419073120586527,1.262268771021561
1.35,huber,1.12,1e-06,,bias_sub,2.0,2,1.598617471150354,1.219754342363391
1.35,huber,1.12,1e-06,,bias_sub,2.0,3,1.6073047328403125,1.223603720779737
1.35,huber,1.12,1e-06,,bias_sub,2.4,2,1.5928899198682143,1.2180347305735157
1.35,huber,1.12,1e-06,,bias_sub,2.4,3,1.5976543645415084,1.21928934670939
1.35,huber,1.12,1e-06,,bias_sub,2.8,2,1.5889447463327535,1.2165713603679156
1.35,huber,1.12,1e-06,,bias_sub,2.8,3,1.5914791417350562,1.217411877010074
1.35,huber,1.12,1e-06,,bias_sub,3.2,2,1.5892665299066653,1.2166164341514236
1.35,huber,1.12,1e-06,,bias_sub,3.2,3,1.5901407067549929,1.2169798662243636
1.35,huber,1.12,1e-06,,bias_sub,3.8,2,1.5926449453686584,1.2171910634131562
1.35,huber,1.12,1e-06,,bias_sub,3.8,3,1.5915296871827445,1.2169334109055872
1.35,huber,1.12,0.0001,,bias_sub,1.2,2,1.6587186781896586,1.2892913215434065
1.35,huber,1.12,0.0001,,bias_sub,1.2,3,1.6975226982871305,1.339284690285711
1.35,huber,1.12,0.0001,,bias_sub,1.6,2,1.6150058437325634,1.2331137282937488
1.35,huber,1.12,0.0001,,bias_sub,1.6,3,1.6419073743122377,1.2622688862434979
1.35,huber,1.12,0.0001,,bias_sub,2.0,2,1.5986175189431744,1.219754420448049
1.35,huber,1.12,0.0001,,bias_sub,2.0,3,1.6073047858550655,1.2236038029841902
1.35,huber,1.12,0.0001,,bias_sub,2.4,2,1.592889980974094,1.218034825448699
1.35,huber,1.12,0.0001,,bias_sub,2.4,3,1.5976544166496145,1.219289428659629
1.35,huber,1.12,0.0001,,bias_sub,2.8,2,1.5889447788697817,1.2165714209444063
1.35,huber,1.12,0.0001,,bias_sub,2.8,3,1.5914791762681022,1.2174119509323968
1.35,huber,1.12,0.0001,,bias_sub,3.2,2,1.5892665707852471,1.2166164970300124
1.35,huber,1.12,0.0001,,bias_sub,3.2,3,1.5901407577546645,1.2169799443191371
1.35,huber,1.12,0.0001,,bias_sub,3.8,2,1.5926449812007915,1.2171911265350746
1.35,huber,1.12,0.0001,,bias_sub,3.8,3,1.5915297413578267,1.216933491669355
1.35,huber,1.12,0.001,,bias_sub,1.2,2,1.6587193230251691,1.2892922741924349
1.35,huber,1.12,0.001,,bias_sub,1.2,3,1.6975234021117156,1.3392856285332124
1.35,huber,1.12,0.001,,bias_sub,1.6,2,1.6150063133530392,1.2331145858863508
1.35,huber,1.12,0.001,,bias_sub,1.6,3,1.6419079636080303,1.2622699506463384
1.35,huber,1.12,0.001,,bias_sub,2.0,2,1.598617969004359,1.219755132450048
1.35,huber,1.12,0.001,,bias_sub,2.0,3,1.6073052602585376,1.2236045525133603
1.35,huber,1.12,0.001,,bias_sub,2.4,2,1.592890393772653,1.2180355160883016
1.35,huber,1.12,0.001,,bias_sub,2.4,3,1.5976548830439825,1.2192901652280512
1.35,huber,1.12,0.001,,bias_sub,2.8,2,1.5889451746978476,1.2165721006590156
1.35,huber,1.12,0.001,,bias_sub,2.8,3,1.591479611615807,1.2174126488156143
1.35,huber,1.12,0.001,,bias_sub,3.2,2,1.5892669663004804,1.2166171725608839
1.35,huber,1.12,0.001,,bias_sub,3.2,3,1.5901411324671553,1.2169806015167672
1.35,huber,1.12,0.001,,bias_sub,3.8,2,1.592645379428605,1.2171918020058694
1.35,huber,1.12,0.001,,bias_sub,3.8,3,1.591530134613934,1.2169341766595658
1.35,huber,1.35,1e-06,,bias_sub,1.2,2,1.6927454632738055,1.3338002748841942
1.35,huber,1.35,1e-06,,bias_sub,1.2,3,1.7308852599422129,1.3778251877265897
1.35,huber,1.35,1e-06,,bias_sub,1.6,2,1.6363750842344063,1.266609755528925
1.35,huber,1.35,1e-06,,bias_sub,1.6,3,1.6767695881503162,1.3119931460906638
1.35,huber,1.35,1e-06,,bias_sub,2.0,2,1.6198111487134965,1.2464146121025121
1.35,huber,1.35,1e-06,,bias_sub,2.0,3,1.64195884151186,1.2651298949174115
1.35,huber,1.35,1e-06,,bias_sub,2.4,2,1.6120021597967296,1.241607288517224
1.35,huber,1.35,1e-06,,bias_sub,2.4,3,1.6387927459291138,1.2627393648476106
1.35,huber,1.35,1e-06,,bias_sub,2.8,2,1.6063573658261094,1.2379196884326973
1.35,huber,1.35,1e-06,,bias_sub,2.8,3,1.6314531358637807,1.2593007095052582
1.35,huber,1.35,1e-06,,bias_sub,3.2,2,1.6049636916084788,1.2363998555123785
1.35,huber,1.35,1e-06,,bias_sub,3.2,3,1.6276188627614627,1.2576319028939515
1.35,huber,1.35,1e-06,,bias_sub,3.8,2,1.608273806012101,1.2363560253590584
1.35,huber,1.35,1e-06,,bias_sub,3.8,3,1.6285280870813816,1.2570468229754654
1.35,huber,1.35,0.0001,,bias_sub,1.2,2,1.6927455281293455,1.333800363136347
1.35,huber,1.35,0.0001,,bias_sub,1.2,3,1.7308853342341814,1.3778252723588589
1.35,huber,1.35,0.0001,,bias_sub,1.6,2,1.6363751407258071,1.2666098503520091
1.35,huber,1.35,0.0001,,bias_sub,1.6,3,1.6767696524659945,1.3119932395410074
1.35,huber,1.35,0.0001,,bias_sub,2.0,2,1.6198111838505893,1.246414676369719
1.35,huber,1.35,0.0001,,bias_sub,2.0,3,1.6419588798366378,1.2651299549678259
1.35,huber,1.35,0.0001,,bias_sub,2.4,2,1.6120021942736333,1.2416073496554705
1.35,huber,1.35,0.0001,,bias_sub,2.4,3,1.6387927899862407,1.2627394317709995
1.35,huber,1.35,0.0001,,bias_sub,2.8,2,1.6063574029242849,1.2379197510126627
1.35,huber,1.35,0.0001,,bias_sub,2.8,3,1.6314531744035423,1.259300776734602
1.35,huber,1.35,0.0001,,bias_sub,3.2,2,1.6049637296912826,1.2363999181597614
1.35,huber,1.35,0.0001,,bias_sub,3.2,3,1.6276188965432161,1.2576319638723141
1.35,huber,1.35,0.0001,,bias_sub,3.8,2,1.6082738454983474,1.2363560898697707
1.35,huber,1.35,0.0001,,bias_sub,3.8,3,1.6285281313938789,1.2570468888072224
1.35,huber,1.35,0.001,,bias_sub,1.2,2,1.6927460577550402,1.333801091383094
1.35,huber,1.35,0.001,,bias_sub,1.2,3,1.730885911763438,1.3778259707720306
1.35,huber,1.35,0.001,,bias_sub,1.6,2,1.6363755878083865,1.266610665859282
1.35,huber,1.35,0.001,,bias_sub,1.6,3,1.6767702035765786,1.3119940419105462
1.35,huber,1.35,0.001,,bias_sub,2.0,2,1.619811561698222,1.2464152913921431
1.35,huber,1.35,0.001,,bias_sub,2.0,3,1.641959413565574,1.2651306365702017
1.35,huber,1.35,0.001,,bias_sub,2.4,2,1.6120025428157394,1.2416079239393925
1.35,huber,1.35,0.001,,bias_sub,2.4,3,1.6387931577112176,1.2627400442313859
1.35,huber,1.35,0.001,,bias_sub,2.8,2,1.6063577432803904,1.2379203037525641
1.35,huber,1.35,0.001,,bias_sub,2.8,3,1.6314535120912272,1.2593013382204354
1.35,huber,1.35,0.001,,bias_sub,3.2,2,1.6049640407407735,1.2364004527837353
1.35,huber,1.35,0.001,,bias_sub,3.2,3,1.627619223588085,1.2576325136990423
1.35,huber,1.35,0.001,,bias_sub,3.8,2,1.6082741721516982,1.2363566177992642
1.35,huber,1.35,0.001,,bias_sub,3.8,3,1.6285284393711805,1.2570474185024367
1.35,huber,1.55,1e-06,,bias_sub,1.2,2,1.7174856832124759,1.361666982310207
1.35,huber,1.55,1e-06,,bias_sub,1.2,3,1.7617649940265683,1.4084939897092834
1.35,huber,1.55,1e-06,,bias_sub,1.6,2,1.6638222078678229,1.3018762505985253
1.35,huber,1.55,1e-06,,bias_sub,1.6,3,1.6975438938578926,1.33568194714135
1.35,huber,1.55,1e-06,,bias_sub,2.0,2,1.6463769371956074,1.277140387687937
1.35,huber,1.55,1e-06,,bias_sub,2.0,3,1.6597265109400314,1.2820054975757176
1.35,huber,1.55,1e-06,,bias_sub,2.4,2,1.636294465470319,1.2690870415517304
1.35,huber,1.55,1e-06,,bias_sub,2.4,3,1.6663290547313572,1.2937286151749539
1.35,huber,1.55,1e-06,,bias_sub,2.8,2,1.628979352197834,1.2631555234863476
1.35,huber,1.55,1e-06,,bias_sub,2.8,3,1.656291678342388,1.286372835261882
1.35,huber,1.55,1e-06,,bias_sub,3.2,2,1.6270941556944227,1.2607730062698188
1.35,huber,1.55,1e-06,,bias_sub,3.2,3,1.6507780920273885,1.2833037496428603
1.35,huber,1.55,1e-06,,bias_sub,3.8,2,1.6302115668693573,1.2599290870597957
1.35,huber,1.55,1e-06,,bias_sub,3.8,3,1.6514147857419208,1.2819929157912147
1.35,huber,1.55,0.0001,,bias_sub,1.2,2,1.7174857385642264,1.3616670630250811
1.35,huber,1.55,0.0001,,bias_sub,1.2,3,1.7617650664592313,1.4084940788858389
1.35,huber,1.55,0.0001,,bias_sub,1.6,2,1.663822255016174,1.301876326882386
1.35,huber,1.55,0.0001,,bias_sub,1.6,3,1.6975439750746049,1.335682045781568
1.35,huber,1.55,0.0001,,bias_sub,2.0,2,1.6463769668828159,1.2771404426609552
1.35,huber,1.55,0.0001,,bias_sub,2.0,3,1.6597265494223696,1.2820055605857559
1.35,huber,1.55,0.0001,,bias_sub,2.4,2,1.636294481798337,1.2690870865746338
1.35,huber,1.55,0.0001,,bias_sub,2.4,3,1.6663290981072167,1.2937286720747554
1.35,huber,1.55,0.0001,,bias_sub,2.8,2,1.6289793796682326,1.2631555707955229
1.35,huber,1.55,0.0001,,bias_sub,2.8,3,1.656291710378203,1.2863728891511081
1.35,huber,1.55,0.0001,,bias_sub,3.2,2,1.6270941877350855,1.2607730591501238
1.35,huber,1.55,0.0001,,bias_sub,3.2,3,1.6507781255231355,1.2833038020493281
1.35,huber,1.55,0.0001,,bias_sub,3.8,2,1.6302115915834383,1.2599291358698836
1.35,huber,1.55,0.0001,,bias_sub,3.8,3,1.651414815218509,1.2819929627762046
1.35,huber,1.55,0.001,,bias_sub,1.2,2,1.717486233518324,1.3616677582834957
1.35,huber,1.55,0.001,,bias_sub,1.2,3,1.761765712197527,1.4084948497998389
1.35,huber,1.55,0.001,,bias_sub,1.6,2,1.663822703428237,1.3018769832389854
1.35,huber,1.55,0.001,,bias_sub,1.6,3,1.6975446048403857,1.3356828478889329
1.35,huber,1.55,0.001,,bias_sub,2.0,2,1.6463772949638806,1.2771409699481853
1.35,huber,1.55,0.001,,bias_sub,2.0,3,1.6597269135124333,1.282006125111179
1.35,huber,1.55,0.001,,bias_sub,2.4,2,1.6362947835650654,1.2690875846330647
1.35,huber,1.55,0.001,,bias_sub,2.4,3,1.6663294247761617,1.2937291939895292
1.35,huber,1.55,0.001,,bias_sub,2.8,2,1.6289796488491275,1.2631560477434103
1.35,huber,1.55,0.001,,bias_sub,2.8,3,1.6562920305405906,1.286373389348171
1.35,huber,1.55,0.001,,bias_sub,3.2,2,1.6270944588450509,1.2607735274778282
1.35,huber,1.55,0.001,,bias_sub,3.2,3,1.6507784114377244,1.2833042802714631
1.35,huber,1.55,0.001,,bias_sub,3.8,2,1.6302118680404636,1.2599295982383647
1.35,huber,1.55,0.001,,bias_sub,3.8,3,1.6514150876300473,1.2819934346412658
1.35,ransac,,,2.2,bias_sub,1.2,2,1.6607736004252829,1.2707145455712001
1.35,ransac,,,2.2,bias_sub,1.2,3,1.6931849982470597,1.3162064912816185
1.35,ransac,,,2.2,bias_sub,1.6,2,1.6240415844059333,1.2293019183649987
1.35,ransac,,,2.2,bias_sub,1.6,3,1.647065788355307,1.245920107338745
1.35,ransac,,,2.2,bias_sub,2.0,2,1.6085631044329312,1.214333552845018
1.35,ransac,,,2.2,bias_sub,2.0,3,1.6384084701046024,1.237162984285269
1.35,ransac,,,2.2,bias_sub,2.4,2,1.6014813623640278,1.209756965961439
1.35,ransac,,,2.2,bias_sub,2.4,3,1.6278645908351697,1.2304557358222559
1.35,ransac,,,2.2,bias_sub,2.8,2,1.5967398756215885,1.2067070620591447
1.35,ransac,,,2.2,bias_sub,2.8,3,1.621749121047589,1.227990433392043
1.35,ransac,,,2.2,bias_sub,3.2,2,1.5946912762534136,1.2048252641670454
1.35,ransac,,,2.2,bias_sub,3.2,3,1.6173494868217881,1.2260241372281304
1.35,ransac,,,2.2,bias_sub,3.8,2,1.6195659348321347,1.22581396445709
1.35,ransac,,,2.2,bias_sub,3.8,3,1.6188257153364347,1.2257436274526528
1.35,ransac,,,4.0,bias_sub,1.2,2,1.652572799263576,1.337022777116046
1.35,ransac,,,4.0,bias_sub,1.2,3,1.67194141230601,1.3662742290446648
1.35,ransac,,,4.0,bias_sub,1.6,2,1.6220495155044992,1.2986128007727682
1.35,ransac,,,4.0,bias_sub,1.6,3,1.630257490229497,1.316018124916467
1.35,ransac,,,4.0,bias_sub,2.0,2,1.6131581483345598,1.2826825407610472
1.35,ransac,,,4.0,bias_sub,2.0,3,1.6152347118109132,1.2864966360707726
1.35,ransac,,,4.0,bias_sub,2.4,2,1.612046768520898,1.2782435971534933
1.35,ransac,,,4.0,bias_sub,2.4,3,1.6152350055087092,1.2820795347195857
1.35,ransac,,,4.0,bias_sub,2.8,2,1.6105470705204032,1.2738635876985214
1.35,ransac,,,4.0,bias_sub,2.8,3,1.6119678516086278,1.2757414797096327
1.35,ransac,,,4.0,bias_sub,3.2,2,1.6124690751663913,1.2732800581494244
1.35,ransac,,,4.0,bias_sub,3.2,3,1.611807685841566,1.2736596163386738
1.35,ransac,,,4.0,bias_sub,3.8,2,1.6172824558706447,1.273252647754916
1.35,ransac,,,4.0,bias_sub,3.8,3,1.6155833428340924,1.2730576446185384
1.35,ransac,,,6.5,bias_sub,1.2,2,1.7138512007476896,1.4185440280650408
1.35,ransac,,,6.5,bias_sub,1.2,3,1.7529716648546103,1.4584860768831052
1.35,ransac,,,6.5,bias_sub,1.6,2,1.674837238301662,1.3732867329770977
1.35,ransac,,,6.5,bias_sub,1.6,3,1.6845660404352796,1.3849375702226456
1.35,ransac,,,6.5,bias_sub,2.0,2,1.6582615426391214,1.3511457449035502
1.35,ransac,,,6.5,bias_sub,2.0,3,1.658283721320184,1.35226961108446
1.35,ransac,,,6.5,bias_sub,2.4,2,1.6523328557816086,1.3408604228481464
1.35,ransac,,,6.5,bias_sub,2.4,3,1.6513050608271223,1.340095608789168
1.35,ransac,,,6.5,bias_sub,2.8,2,1.6530880663243863,1.340076887572482
1.35,ransac,,,6.5,bias_sub,2.8,3,1.6522854963834661,1.3393067235251586
1.35,ransac,,,6.5,bias_sub,3.2,2,1.6552737240949658,1.3402945933283104
1.35,ransac,,,6.5,bias_sub,3.2,3,1.6583960818729078,1.3481506249542063
1.35,ransac,,,6.5,bias_sub,3.8,2,1.66007099709498,1.3401135544719283
1.35,ransac,,,6.5,bias_sub,3.8,3,1.683854081238549,1.3721894554835259
