phaseA_rank,feat_mode,calib_kind,huber_f_wifi,gate_threshold_m,uwb_variance_inflate,huber_f_fusion,irls_residual_thresh_m,irls_max_iter,train_CV_mean_RMSE_C_m
0,bias_sub,identity,1.35,1.65,12.0,1.35,3.1,2,2.5138945248154223
0,bias_sub,identity,1.35,1.65,12.0,1.35,3.05,2,2.5142928605463286
0,bias_sub,identity,1.35,1.65,12.0,1.35,2.95,2,2.5152873958307906
0,bias_sub,identity,1.35,1.65,12.0,1.35,2.85,2,2.516655824067453
0,bias_sub,identity,1.35,1.65,12.0,1.35,3.1,3,2.5175291602476366
0,bias_sub,identity,1.35,1.65,24.0,1.35,3.1,2,2.517774482229387
0,bias_sub,identity,1.35,1.65,12.0,1.35,3.05,3,2.5180247240332356
0,bias_sub,identity,1.35,1.65,24.0,1.35,3.05,2,2.5181283929653095
0,bias_sub,identity,1.35,1.65,12.0,1.0,3.1,2,2.518972020722485
0,bias_sub,identity,1.35,1.65,24.0,1.35,2.95,2,2.5190185709852053
0,bias_sub,identity,1.35,1.65,12.0,1.35,2.95,3,2.5191810677597988
0,bias_sub,identity,1.35,1.65,12.0,1.0,3.05,2,2.5194751515181104
0,bias_sub,identity,1.35,1.65,24.0,1.35,2.85,2,2.5202877226688454
0,bias_sub,identity,1.35,1.65,24.0,1.35,3.1,3,2.520585703883391
0,bias_sub,identity,1.35,1.65,12.0,1.35,2.85,3,2.5207050184341937
0,bias_sub,identity,1.35,1.65,12.0,1.0,2.95,2,2.520760122262342
0,bias_sub,identity,1.35,1.65,24.0,1.35,3.05,3,2.5212811971966507
0,bias_sub,identity,1.35,1.65,12.0,1.0,2.85,2,2.5222764505239006
0,bias_sub,identity,1.35,1.65,24.0,1.35,2.95,3,2.5230289967179793
0,bias_sub,identity,1.35,1.65,12.0,1.0,3.1,3,2.523455207481144
0,bias_sub,identity,1.35,1.65,12.0,1.0,3.05,3,2.5242387260699806
0,bias_sub,identity,1.35,1.65,24.0,1.35,2.85,3,2.524816300475754
0,bias_sub,identity,1.35,1.65,12.0,1.0,2.95,3,2.5259715631492896
0,bias_sub,identity,1.35,1.65,12.0,1.0,2.85,3,2.5277903609340178
0,bias_sub,identity,1.35,1.45,8.0,1.35,3.1,3,2.6130828014218275
0,bias_sub,identity,1.35,1.45,8.0,1.35,3.05,3,2.6137222812275276
0,bias_sub,identity,1.35,1.45,8.0,1.35,3.1,2,2.614111602799247
0,bias_sub,identity,1.35,1.45,10.0,1.35,3.1,2,2.614397078004473
0,bias_sub,identity,1.35,1.45,8.0,1.35,3.05,2,2.6145523466423803
0,bias_sub,identity,1.35,1.45,10.0,1.35,3.05,2,2.614851369993348
0,bias_sub,identity,1.35,1.45,8.0,1.35,2.95,3,2.6151421772907417
0,bias_sub,identity,1.35,1.45,12.0,1.35,3.1,2,2.615155207307924
0,bias_sub,identity,1.35,1.45,12.0,1.35,3.05,2,2.6156096845728967
0,bias_sub,identity,1.35,1.45,8.0,1.35,2.95,2,2.6156820986678615
0,bias_sub,identity,1.35,1.45,10.0,1.35,2.95,2,2.615985494593833
0,bias_sub,identity,1.35,1.45,8.0,1.35,2.85,2,2.6166493590986075
0,bias_sub,identity,1.35,1.45,12.0,1.35,2.95,2,2.6167177191791544
0,bias_sub,identity,1.35,1.45,10.0,1.35,2.85,2,2.6174702076707503
0,bias_sub,identity,1.35,1.45,10.0,1.35,3.1,3,2.618001191910359
0,bias_sub,identity,1.35,1.45,24.0,1.35,3.1,2,2.6180017551908423
0,bias_sub,identity,1.35,1.35,10.0,1.35,3.1,2,2.6180318872613495
0,bias_sub,identity,1.35,1.45,12.0,1.35,2.85,2,2.6181933231443346
0,bias_sub,identity,1.35,1.35,12.0,1.35,3.1,2,2.6182236953772637
0,bias_sub,identity,1.35,1.55,8.0,1.35,3.1,3,2.6183149722094154
0,bias_sub,identity,1.35,1.35,8.0,1.35,3.1,2,2.6183716696601276
0,bias_sub,identity,1.35,1.45,24.0,1.35,3.05,2,2.618415902521505
0,bias_sub,identity,1.35,1.35,10.0,1.35,3.05,2,2.6185811089998645
0,bias_sub,identity,1.35,1.45,10.0,1.35,3.05,3,2.618638736931637
0,bias_sub,identity,1.35,1.35,12.0,1.35,3.05,2,2.618777313826372
0,bias_sub,identity,1.35,1.35,24.0,1.35,3.1,2,2.618833052457632
0,bias_sub,identity,1.35,1.55,8.0,1.35,3.05,3,2.6188889502701707
0,bias_sub,identity,1.35,1.35,8.0,1.35,3.05,2,2.618900765982439
0,bias_sub,identity,1.35,1.35,8.0,1.35,3.1,3,2.618915765098393
0,bias_sub,identity,1.35,1.45,12.0,1.35,3.1,3,2.6190405258959273
0,bias_sub,identity,1.35,1.55,8.0,1.35,3.1,2,2.6191463588592985
0,bias_sub,identity,1.35,1.55,10.0,1.35,3.1,2,2.619363022649504
0,bias_sub,identity,1.35,1.35,24.0,1.35,3.05,2,2.619378454368279
0,bias_sub,identity,1.35,1.45,24.0,1.35,2.95,2,2.619426542066456
0,bias_sub,identity,1.35,1.55,8.0,1.35,3.05,2,2.619536264770563
0,bias_sub,identity,1.35,1.45,12.0,1.35,3.05,3,2.6196543833364783
0,bias_sub,identity,1.35,1.35,8.0,1.35,3.05,3,2.6196982337897676
0,bias_sub,identity,1.35,1.55,10.0,1.35,3.05,2,2.61976626039104
0,bias_sub,identity,1.35,1.35,10.0,1.35,2.95,2,2.6199641215986547
0,bias_sub,identity,1.35,1.55,12.0,1.35,3.1,2,2.620055459843668
0,bias_sub,identity,1.35,1.45,10.0,1.35,2.95,3,2.620076312897653
0,bias_sub,identity,1.35,1.35,12.0,1.35,2.95,2,2.6201454111844886
0,bias_sub,identity,1.35,1.55,8.0,1.35,2.95,3,2.6201675069773604
0,bias_sub,identity,1.35,1.35,8.0,1.35,2.95,2,2.6202683120441654
0,bias_sub,identity,1.35,1.55,12.0,1.35,3.05,2,2.6204592520266803
0,bias_sub,identity,1.35,1.45,8.0,1.0,3.1,2,2.620507289049802
0,bias_sub,identity,1.35,1.55,8.0,1.35,2.95,2,2.6205516619300293
0,bias_sub,identity,1.35,1.35,24.0,1.35,2.95,2,2.6207157412688344
0,bias_sub,identity,1.35,1.55,10.0,1.35,2.95,2,2.6207898753204857
0,bias_sub,identity,1.35,1.45,24.0,1.35,2.85,2,2.620819708615969
0,bias_sub,identity,1.35,1.45,8.0,1.0,3.05,2,2.620966110013642
0,bias_sub,identity,1.35,1.45,12.0,1.35,2.95,3,2.621051383136248
0,bias_sub,identity,1.35,1.55,8.0,1.35,2.85,2,2.621396839017895
0,bias_sub,identity,1.35,1.55,12.0,1.35,2.95,2,2.6214541575104917
0,bias_sub,identity,1.35,1.35,8.0,1.35,2.85,2,2.621503628036477
0,bias_sub,identity,1.35,1.35,8.0,1.35,2.95,3,2.621515578459086
0,bias_sub,identity,1.35,1.35,10.0,1.35,2.85,2,2.6217267007731566
0,bias_sub,identity,1.35,1.45,24.0,1.35,3.1,3,2.6218574685074074
0,bias_sub,identity,1.35,1.45,8.0,1.35,2.85,3,2.621895106810125
0,bias_sub,identity,1.35,1.45,10.0,1.35,2.85,3,2.6219005750681323
0,bias_sub,identity,1.35,1.35,12.0,1.35,2.85,2,2.6219112449615563
0,bias_sub,identity,1.35,1.55,10.0,1.35,2.85,2,2.6221537822649235
0,bias_sub,identity,1.35,1.45,8.0,1.0,2.95,2,2.62216508379939
0,bias_sub,identity,1.35,1.35,24.0,1.35,2.85,2,2.6224682611003733
0,bias_sub,identity,1.35,1.55,8.0,1.0,3.1,2,2.622566864356168
0,bias_sub,identity,1.35,1.45,24.0,1.35,3.05,3,2.6226625461133755
0,bias_sub,identity,1.35,1.55,24.0,1.35,3.1,2,2.622706556776606
0,bias_sub,identity,1.35,1.55,12.0,1.35,2.85,2,2.6228078941405304
0,bias_sub,identity,1.35,1.45,12.0,1.35,2.85,3,2.6228378910600294
0,bias_sub,identity,1.35,1.45,12.0,1.0,3.1,2,2.623013615021357
0,bias_sub,identity,1.35,1.55,8.0,1.0,3.05,2,2.623027294802155
0,bias_sub,identity,1.35,1.55,24.0,1.35,3.05,2,2.623069717528164
0,bias_sub,identity,1.35,1.55,10.0,1.35,3.1,3,2.623214653527096
0,bias_sub,identity,1.35,1.35,10.0,1.35,3.1,3,2.623266169303369
0,bias_sub,identity,1.35,1.45,12.0,1.0,3.05,2,2.6235056453970627
0,bias_sub,identity,1.35,1.45,8.0,1.0,2.85,2,2.623571264907916
0,bias_sub,identity,1.35,1.55,10.0,1.35,3.05,3,2.623787108321289
0,bias_sub,identity,1.35,1.35,12.0,1.35,3.1,3,2.6238191462172082
0,bias_sub,identity,1.35,1.55,24.0,1.35,2.95,2,2.6239648869280088
0,bias_sub,identity,1.35,1.35,10.0,1.35,3.05,3,2.6240559525469687
0,bias_sub,identity,1.35,1.55,12.0,1.35,3.1,3,2.624185952954949
0,bias_sub,identity,1.35,1.55,8.0,1.0,2.95,2,2.6242202855837697
0,bias_sub,identity,1.35,1.45,8.0,1.0,3.1,3,2.6243893598746997
0,bias_sub,identity,1.35,1.35,24.0,1.35,3.1,3,2.6244764263899016
0,bias_sub,identity,1.35,1.35,12.0,1.35,3.05,3,2.6245928567845382
0,bias_sub,identity,1.35,1.45,24.0,1.35,2.95,3,2.6246425539075293
0,bias_sub,identity,1.35,1.55,12.0,1.35,3.05,3,2.6247324497515603
0,bias_sub,identity,1.35,1.45,12.0,1.0,2.95,2,2.62477872613561
0,bias_sub,identity,1.35,1.45,10.0,1.0,3.1,2,2.6249311528542187
0,bias_sub,identity,1.35,1.55,10.0,1.35,2.95,3,2.625086436906881
0,bias_sub,identity,1.35,1.45,8.0,1.0,3.05,3,2.625131790251354
0,bias_sub,identity,1.35,1.55,12.0,1.0,3.1,2,2.62515760821287
0,bias_sub,identity,1.35,1.55,24.0,1.35,2.85,2,2.625235587260501
0,bias_sub,identity,1.35,1.45,10.0,1.0,3.05,2,2.6254007985349226
0,bias_sub,identity,1.35,1.35,24.0,1.35,3.05,3,2.6254926671039684
0,bias_sub,identity,1.35,1.55,8.0,1.0,2.85,2,2.625611852779032
0,bias_sub,identity,1.35,1.55,12.0,1.0,3.05,2,2.6256502906234576
0,bias_sub,identity,1.35,1.35,10.0,1.35,2.95,3,2.6259072408426394
0,bias_sub,identity,1.35,1.55,12.0,1.35,2.95,3,2.625982865452618
0,bias_sub,identity,1.35,1.45,12.0,1.0,2.85,2,2.6262926093320234
0,bias_sub,identity,1.35,1.35,12.0,1.35,2.95,3,2.62642186381246
0,bias_sub,identity,1.35,1.45,10.0,1.0,2.95,2,2.62658225292243
0,bias_sub,identity,1.35,1.55,24.0,1.35,3.1,3,2.626623690479475
0,bias_sub,identity,1.35,1.55,8.0,1.0,3.1,3,2.6266290762774602
0,bias_sub,identity,1.35,1.45,24.0,1.35,2.85,3,2.62667720611833
0,bias_sub,identity,1.35,1.45,24.0,1.0,3.1,2,2.6267199555038374
0,bias_sub,identity,1.35,1.55,10.0,1.35,2.85,3,2.626755493662058
0,bias_sub,identity,1.35,1.55,8.0,1.35,2.85,3,2.626764210187795
0,bias_sub,identity,1.35,1.45,8.0,1.0,2.95,3,2.626871395018546
0,bias_sub,identity,1.35,1.55,12.0,1.0,2.95,2,2.6269151690953243
0,bias_sub,identity,1.35,1.35,8.0,1.0,3.1,2,2.626968300139968
0,bias_sub,identity,1.35,1.55,10.0,1.0,3.1,2,2.6270302433391057
0,bias_sub,identity,1.35,1.45,24.0,1.0,3.05,2,2.6272218439893096
0,bias_sub,identity,1.35,1.45,12.0,1.0,3.1,3,2.6272374637018863
0,bias_sub,identity,1.35,1.55,24.0,1.35,3.05,3,2.627362167003105
0,bias_sub,identity,1.35,1.55,8.0,1.0,3.05,3,2.627380124326563
0,bias_sub,identity,1.35,1.55,10.0,1.0,3.05,2,2.627501099384304
0,bias_sub,identity,1.35,1.35,8.0,1.0,3.05,2,2.6275665615598447
0,bias_sub,identity,1.35,1.55,12.0,1.35,2.85,3,2.627608636257978
0,bias_sub,identity,1.35,1.45,10.0,1.0,2.85,2,2.6279147993382455
0,bias_sub,identity,1.35,1.35,24.0,1.35,2.95,3,2.6280111584725225
0,bias_sub,identity,1.35,1.45,12.0,1.0,3.05,3,2.628019803031009
0,bias_sub,identity,1.35,1.35,10.0,1.35,2.85,3,2.6281886539958452
0,bias_sub,identity,1.35,1.55,12.0,1.0,2.85,2,2.62841197142829
0,bias_sub,identity,1.35,1.45,24.0,1.0,2.95,2,2.6285128845794437
0,bias_sub,identity,1.35,1.45,8.0,1.0,2.85,3,2.6285639258859637
0,bias_sub,identity,1.35,1.35,12.0,1.0,3.1,2,2.6286290744147927
0,bias_sub,identity,1.35,1.55,10.0,1.0,2.95,2,2.628675590735731
0,bias_sub,identity,1.35,1.35,8.0,1.35,2.85,3,2.6286785025756063
0,bias_sub,identity,1.35,1.35,12.0,1.35,2.85,3,2.6286845006703143
0,bias_sub,identity,1.35,1.45,10.0,1.0,3.1,3,2.628946896362161
0,bias_sub,identity,1.35,1.55,24.0,1.0,3.1,2,2.628966863501882
0,bias_sub,identity,1.35,1.35,8.0,1.0,2.95,2,2.6290507055414376
0,bias_sub,identity,1.35,1.55,8.0,1.0,2.95,3,2.6291318863754505
0,bias_sub,identity,1.35,1.55,24.0,1.35,2.95,3,2.6291984667861112
0,bias_sub,identity,1.35,1.35,12.0,1.0,3.05,2,2.6292669721965307
0,bias_sub,identity,1.35,1.55,24.0,1.0,3.05,2,2.6294669580153385
0,bias_sub,identity,1.35,1.55,12.0,1.0,3.1,3,2.6296942684961047
0,bias_sub,identity,1.35,1.45,10.0,1.0,3.05,3,2.6297117798362506
0,bias_sub,identity,1.35,1.45,12.0,1.0,2.95,3,2.629757729319828
0,bias_sub,identity,1.35,1.55,10.0,1.0,2.85,2,2.629992659744209
0,bias_sub,identity,1.35,1.45,24.0,1.0,2.85,2,2.63001568883313
0,bias_sub,identity,1.35,1.55,12.0,1.0,3.05,3,2.630485749725672
0,bias_sub,identity,1.35,1.35,24.0,1.35,2.85,3,2.630628623858573
0,bias_sub,identity,1.35,1.35,24.0,1.0,3.1,2,2.6306983495295095
0,bias_sub,identity,1.35,1.45,10.0,1.0,2.85,3,2.63070157388127
0,bias_sub,identity,1.35,1.55,24.0,1.0,2.95,2,2.6307403170394728
0,bias_sub,identity,1.35,1.35,8.0,1.0,2.85,2,2.6307637077913992
0,bias_sub,identity,1.35,1.55,8.0,1.0,2.85,3,2.6308178861621236
0,bias_sub,identity,1.35,1.45,24.0,1.0,3.1,3,2.630839871876266
0,bias_sub,identity,1.35,1.35,12.0,1.0,2.95,2,2.6308399146434227
0,bias_sub,identity,1.35,1.35,10.0,1.0,3.1,2,2.6309138365435163
0,bias_sub,identity,1.35,1.55,24.0,1.35,2.85,3,2.631072166224248
0,bias_sub,identity,1.35,1.55,10.0,1.0,3.1,3,2.631291127948915
0,bias_sub,identity,1.35,1.45,10.0,1.0,2.95,3,2.631296684122894
0,bias_sub,identity,1.35,1.35,24.0,1.0,3.05,2,2.6313550485560846
0,bias_sub,identity,1.35,1.35,10.0,1.0,3.05,2,2.6315260276409362
0,bias_sub,identity,1.35,1.45,12.0,1.0,2.85,3,2.6316051743732967
0,bias_sub,identity,1.35,1.45,24.0,1.0,3.05,3,2.6316150321962177
0,bias_sub,identity,1.35,1.55,10.0,1.0,3.05,3,2.6320648726553024
0,bias_sub,identity,1.35,1.35,8.0,1.0,3.1,3,2.6321582693716157
0,bias_sub,identity,1.35,1.55,24.0,1.0,2.85,2,2.6322115749449337
0,bias_sub,identity,1.35,1.55,12.0,1.0,2.95,3,2.6322367104291065
0,bias_sub,identity,1.35,1.35,12.0,1.0,2.85,2,2.632675865595816
0,bias_sub,identity,1.35,1.35,24.0,1.0,2.95,2,2.632962034924093
0,bias_sub,identity,1.35,1.35,10.0,1.0,2.95,2,2.6330009239778542
0,bias_sub,identity,1.35,1.55,10.0,1.0,2.85,3,2.633060453301064
0,bias_sub,identity,1.35,1.35,8.0,1.0,3.05,3,2.633085803539354
0,bias_sub,identity,1.35,1.45,24.0,1.0,2.95,3,2.6334045093908625
0,bias_sub,identity,1.35,1.55,24.0,1.0,3.1,3,2.633560717816207
0,bias_sub,identity,1.35,1.55,10.0,1.0,2.95,3,2.6336621988328694
0,bias_sub,identity,1.35,1.55,12.0,1.0,2.85,3,2.6340788136762274
0,bias_sub,identity,1.35,1.35,12.0,1.0,3.1,3,2.634219109545367
0,bias_sub,identity,1.35,1.55,24.0,1.0,3.05,3,2.6343416971598677
0,bias_sub,identity,1.35,1.35,10.0,1.0,2.85,2,2.634648742591564
0,bias_sub,identity,1.35,1.35,24.0,1.0,2.85,2,2.63480132011868
0,bias_sub,identity,1.35,1.45,24.0,1.0,2.85,3,2.6351510387651835
0,bias_sub,identity,1.35,1.35,12.0,1.0,3.05,3,2.6351958285530936
0,bias_sub,identity,1.35,1.35,8.0,1.0,2.95,3,2.635204456260222
0,bias_sub,identity,1.35,1.55,24.0,1.0,2.95,3,2.636132627743041
0,bias_sub,identity,1.35,1.35,10.0,1.0,3.1,3,2.6362671399737816
0,bias_sub,identity,1.35,1.35,24.0,1.0,3.1,3,2.636329123423654
0,bias_sub,identity,1.35,1.35,10.0,1.0,3.05,3,2.637221848411456
0,bias_sub,identity,1.35,1.35,8.0,1.0,2.85,3,2.63723221658331
0,bias_sub,identity,1.35,1.35,24.0,1.0,3.05,3,2.6373114908532087
0,bias_sub,identity,1.35,1.35,12.0,1.0,2.95,3,2.637331780659764
0,bias_sub,identity,1.35,1.55,24.0,1.0,2.85,3,2.6378609823396686
0,bias_sub,identity,1.35,1.35,10.0,1.0,2.85,3,2.6389618816539637
0,bias_sub,identity,1.35,1.35,10.0,1.0,2.95,3,2.6391968007144686
0,bias_sub,identity,1.35,1.35,24.0,1.0,2.95,3,2.639523350422682
0,bias_sub,identity,1.35,1.35,12.0,1.0,2.85,3,2.6395338983920893
0,bias_sub,identity,1.35,1.65,10.0,1.35,3.1,2,2.639545476315473
0,bias_sub,identity,1.35,1.65,10.0,1.35,3.05,2,2.640312667369047
0,bias_sub,identity,1.35,1.65,8.0,1.35,3.1,2,2.6411929721179717
0,bias_sub,identity,1.35,1.65,8.0,1.35,3.1,3,2.641549468210297
0,bias_sub,identity,1.35,1.35,24.0,1.0,2.85,3,2.641650304750582
0,bias_sub,identity,1.35,1.65,8.0,1.35,3.05,2,2.6418859777584403
0,bias_sub,identity,1.35,1.65,10.0,1.35,2.95,2,2.6420297210838593
0,bias_sub,identity,1.35,1.65,8.0,1.35,3.05,3,2.642349130018706
0,bias_sub,identity,1.35,1.65,8.0,1.35,2.95,2,2.64346920933501
0,bias_sub,identity,1.35,1.65,10.0,1.35,2.85,2,2.644016653621498
0,bias_sub,identity,1.35,1.65,8.0,1.35,2.95,3,2.6440412212581497
0,bias_sub,identity,1.35,1.65,8.0,1.35,2.85,2,2.6448236346330805
0,bias_sub,identity,1.35,1.65,8.0,1.0,3.1,2,2.644908012268743
0,bias_sub,identity,1.35,1.65,10.0,1.35,3.1,3,2.6451095011947854
0,bias_sub,identity,1.35,1.65,8.0,1.0,3.05,2,2.6456415597545493
0,bias_sub,identity,1.35,1.65,10.0,1.35,3.05,3,2.6459215509749714
0,bias_sub,identity,1.35,1.65,24.0,1.0,3.1,2,2.646019992596234
0,bias_sub,identity,1.35,1.65,24.0,1.0,3.05,2,2.6469547305443353
0,bias_sub,identity,1.35,1.65,8.0,1.0,2.95,2,2.647331808383712
0,bias_sub,identity,1.35,1.65,10.0,1.35,2.95,3,2.647641453518009
0,bias_sub,identity,1.35,1.65,10.0,1.0,3.1,2,2.6480503050025916
0,bias_sub,identity,1.35,1.65,10.0,1.0,3.05,2,2.6488241912669026
0,bias_sub,identity,1.35,1.65,24.0,1.0,2.95,2,2.6490339327672685
0,bias_sub,identity,1.35,1.65,8.0,1.0,2.85,2,2.6491538926455434
0,bias_sub,identity,1.35,1.65,10.0,1.35,2.85,3,2.649392450194037
0,bias_sub,identity,1.35,1.65,8.0,1.0,3.1,3,2.64941818898299
0,bias_sub,identity,1.35,1.65,8.0,1.0,3.05,3,2.650404129844023
0,bias_sub,identity,1.35,1.65,10.0,1.0,2.95,2,2.650558611688016
0,bias_sub,identity,1.35,1.65,8.0,1.35,2.85,3,2.6507178880407523
0,bias_sub,identity,1.35,1.65,24.0,1.0,2.85,2,2.651219204975464
0,bias_sub,identity,1.35,1.65,24.0,1.0,3.1,3,2.6516488786870567
0,bias_sub,identity,1.35,1.65,10.0,1.0,2.85,2,2.652367070539768
0,bias_sub,identity,1.35,1.65,8.0,1.0,2.95,3,2.6525798103852503
0,bias_sub,identity,1.35,1.65,24.0,1.0,3.05,3,2.6527838620546893
0,bias_sub,identity,1.35,1.65,10.0,1.0,3.1,3,2.652834694848694
0,bias_sub,identity,1.35,1.65,10.0,1.0,3.05,3,2.6538708866405103
0,bias_sub,identity,1.35,1.65,8.0,1.0,2.85,3,2.6543532749133387
0,bias_sub,identity,1.35,1.65,24.0,1.0,2.95,3,2.6552069773040246
0,bias_sub,identity,1.35,1.65,10.0,1.0,2.85,3,2.6554625682302295
0,bias_sub,identity,1.35,1.65,10.0,1.0,2.95,3,2.65593864886292
0,bias_sub,identity,1.35,1.65,24.0,1.0,2.85,3,2.6571729093463006
