row_idx,anchor_key,true_dist_m,uwb_median_m,uwb_median_bias_corrected_m,gate_resid_m,passed_v15_gate
0,e63ce2f,11.208925015361643,5.96,9.603,1.6059250153616436,1
0,8e610981,8.48528137423857,6.69,7.205500000000001,1.2797813742385689,1
1,110394ab,0.6,0.44,2.3667000000000002,1.7667000000000002,1
1,8e610981,6.841052550594828,6.33,6.8455,0.004447449405172499,1
1,d1044709,9.840731680114036,9.38,10.376100000000001,0.5353683198859649,1
2,8e610981,6.0,5.71,6.2255,0.22550000000000026,1
3,110394ab,0.6000000000000001,0.73,2.6567,2.0566999999999998,1
3,d10485af,14.512063946937388,14.46,16.5111,1.9990360530626106,1
3,4e610206,14.81890684227416,14.64,15.2474,0.42849315772584085,1
4,110394ab,1.7999999999999998,1.07,2.9967,1.1967000000000003,1
5,8e610981,8.0049984384758,9.01,9.5255,1.520501561524199,1
7,8e610981,5.43323108288245,3.68,4.1955,1.2377310828824504,1
9,d1044709,3.4985711369071804,3.63,4.6261,1.1275288630928197,1
10,110394ab,3.6496575181789317,1.62,3.5467000000000004,0.10295751817893128,1
10,8e610981,6.118823416311342,5.55,6.0655,0.05332341631134163,1
10,d1044709,7.224956747275377,6.95,7.9461,0.7211432527246231,1
11,8e610981,8.48528137423857,9.14,9.6555,1.1702186257614304,1
14,110394ab,5.531726674375733,1.93,3.8567,1.675026674375733,1
14,d1044709,7.224956747275377,4.58,5.5761,1.648856747275377,1
15,d1044709,4.242640687119285,1.55,2.5461,1.6965406871192847,1
15,4e610206,6.48999229583518,6.05,6.6574,0.16740770416481965,1
16,110394ab,2.4738633753705965,2.1,4.0267,1.5528366246294034,1
16,8e610981,6.0,5.4,5.915500000000001,0.08449999999999935,1
17,4e610206,5.433231082882449,5.28,5.8874,0.4541689171175518,1
19,e63ce2f,9.840731680114036,4.36,8.003,1.837731680114036,1
20,d1044709,0.5999999999999996,0.94,1.9361,1.3361000000000003,1
20,4e610206,5.433231082882449,4.54,5.1474,0.2858310828824484,1
21,d10485af,6.7082039324993685,6.19,8.2411,1.532896067500631,1
21,4e610206,0.8485281374238578,1.47,2.0774,1.2288718625761421,1
22,4e610206,16.376812876747415,16.27,16.877399999999998,0.5005871232525827,1
23,110394ab,4.326661530556787,2.4,4.3267,3.8469443213173804e-05,1
23,e63ce2f,9.178235124467012,3.48,7.122999999999999,2.0552351244670124,1
23,d10485af,10.21763181955584,9.66,11.7111,1.4934681804441592,1
23,4e610206,9.985990186255941,9.57,10.1774,0.19140981374405897,1
24,110394ab,2.545584412271571,2.51,4.4367,1.8911155877284291,1
24,d1044709,7.8230428862431785,8.35,9.3461,1.5230571137568214,1
25,110394ab,3.49857113690718,2.61,4.5367,1.0381288630928198,1
25,e63ce2f,8.4,6.59,10.233,1.8330000000000002,1
25,d10485af,12.059850745345068,11.86,13.9111,1.851249254654931,1
26,d1044709,3.059411708155671,1.24,2.2361,0.8233117081556709,1
26,4e610206,6.4899922958351794,6.49,7.0974,0.6074077041648209,1
27,d10485af,2.6832815729997477,2.3,4.3511,1.667818427000252,1
27,4e610206,7.224956747275377,7.03,7.6374,0.4124432527246231,1
28,e63ce2f,10.182337649086284,4.44,8.083,2.0993376490862836,1
28,8e610981,3.0,4.38,4.8955,1.8955000000000002,1
28,d10485af,5.3665631459994945,4.87,6.9211,1.5545368540005056,1
29,8e610981,5.161395160225576,3.59,4.1055,1.0558951602255755,1
30,110394ab,3.0594117081556704,2.78,4.7067,1.6472882918443292,1
31,110394ab,4.326661530556787,2.79,4.7167,0.39003846944321374,1
31,8e610981,3.0,3.12,3.6355,0.6355,1
32,110394ab,4.326661530556787,2.8,4.7267,0.40003846944321353,1
32,8e610981,3.0,2.4,2.9154999999999998,0.08450000000000024,1
33,110394ab,3.2310988842807022,2.84,4.7667,1.535601115719298,1
34,8e610981,1.897366596101028,3.02,3.5355,1.6381334038989719,1
34,d10485af,9.079647570252934,5.49,7.5411,1.538547570252934,1
37,4e610206,5.909314681077662,5.93,6.5374,0.6280853189223379,1
38,d10485af,5.909314681077663,5.27,7.3210999999999995,1.4117853189223366,1
38,4e610206,5.091168824543142,4.82,5.4274000000000004,0.33623117545685854,1
39,4e610206,5.909314681077662,5.37,5.9774,0.06808531892233827,1
40,110394ab,3.49857113690718,3.05,4.9767,1.4781288630928202,1
40,d10485af,10.8,10.55,12.6011,1.8011,1
40,d1044709,7.249827584156743,4.37,5.3661,1.883727584156743,1
41,4e610206,4.024922359499621,2.53,3.1374,0.8875223594996213,1
42,110394ab,6.841052550594828,3.16,5.0867,1.7543525505948274,1
42,8e610981,3.8418745424597094,3.88,4.3955,0.5536254575402908,1
42,4e610206,8.160882305241264,8.81,9.4174,1.2565176947587364,1
43,8e610981,3.0,4.45,4.9655000000000005,1.9655000000000005,1
43,d10485af,4.242640687119284,3.89,5.9411000000000005,1.6984593128807166,1
44,110394ab,3.394112549695428,3.19,5.1167,1.7225874503045717,1
44,8e610981,4.2,3.86,4.3755,0.17549999999999955,1
45,8e610981,4.8373546489791295,4.54,5.0555,0.21814535102087085,1
45,d1044709,3.4985711369071804,3.08,4.0761,0.5775288630928199,1
46,4e610206,5.692099788303082,5.74,6.3474,0.6553002116969182,1
47,8e610981,6.0,4.22,4.7355,1.2645,1
48,d10485af,1.8973665961010282,1.63,3.6811,1.7837334038989716,1
48,d1044709,9.372299611087984,9.16,10.1561,0.7838003889120166,1
50,e63ce2f,9.840731680114036,5.15,8.793,1.0477316801140368,1
51,110394ab,6.489992295835181,3.64,5.5667,0.9232922958351812,1
51,d1044709,3.8418745424597094,3.61,4.6061,0.7642254575402903,1
52,110394ab,6.627216610312356,3.77,5.6967,0.9305166103123561,1
52,e63ce2f,11.818629362155326,6.89,10.533,1.2856293621553263,1
52,8e610981,1.8,1.72,2.2355,0.4355,1
53,110394ab,4.8373546489791295,3.86,5.7867,0.9493453510208703,1
54,110394ab,6.841052550594828,3.88,5.8067,1.0343525505948277,1
54,8e610981,0.6000000000000001,0.22,0.7354999999999999,0.13549999999999984,1
55,110394ab,4.024922359499621,3.91,5.8367,1.8117776405003791,1
55,8e610981,3.059411708155671,2.67,3.1854999999999998,0.1260882918443289,1
55,d10485af,10.2,9.83,11.8811,1.6811000000000007,1
56,8e610981,1.8973665961010264,1.71,2.2255,0.3281334038989734,1
57,4e610206,11.909659944767524,11.84,12.4474,0.5377400552324758,1
61,8e610981,1.799999999999999,2.77,3.2855,1.485500000000001,1
61,d10485af,5.43323108288245,5.2,7.2511,1.8178689171175497,1
61,d1044709,6.4621977685614045,4.89,5.8861,0.5760977685614046,1
61,4e610206,6.489992295835181,7.17,7.7774,1.2874077041648189,1
62,110394ab,4.326661530556787,4.24,6.1667000000000005,1.840038469443214,1
62,8e610981,3.0,2.56,3.0755,0.0754999999999999,1
65,8e610981,7.58946638440411,5.75,6.2655,1.3239663844041107,1
66,d10485af,11.462983904725679,11.28,13.3311,1.8681160952743205,1
66,d1044709,8.590692637965812,6.27,7.2661,1.3245926379658126,1
66,4e610206,11.999999999999998,11.99,12.5974,0.5974000000000022,1
67,110394ab,4.326661530556787,4.33,6.2567,1.9300384694432138,1
67,e63ce2f,9.178235124467012,5.89,9.533,0.35476487553298774,1
67,8e610981,3.0,2.5,3.0155,0.015499999999999847,1
68,110394ab,7.224956747275376,4.4,6.326700000000001,0.8982567472753757,1
68,d1044709,3.2310988842807027,3.07,4.0661,0.8350011157192969,1
68,4e610206,7.58946638440411,6.57,7.1774000000000004,0.4120663844041097,1
69,8e610981,3.2310988842807027,3.29,3.8055,0.5744011157192972,1
69,4e610206,4.8373546489791295,4.23,4.837400000000001,4.5351020871109426e-05,1
70,d10485af,9.693296652842108,7.16,9.2111,0.48219665284210755,1
70,4e610206,3.49857113690718,3.06,3.6674,0.1688288630928203,1
71,8e610981,7.249827584156743,6.87,7.3855,0.13567241584325718,1
71,d10485af,3.6496575181789317,3.34,5.3911,1.741442481821068,1
71,4e610206,2.6832815729997486,2.67,3.2774,0.5941184270002515,1
72,d10485af,3.794733192202055,3.55,5.6011,1.8063668077979447,1
73,d1044709,3.059411708155671,3.68,4.6761,1.616688291844329,1
74,e63ce2f,12.014990636700473,7.99,11.633,0.38199063670047373,1
74,d10485af,9.0,7.2,9.251100000000001,0.251100000000001,1
74,d1044709,8.160882305241264,8.91,9.9061,1.7452176947587361,1
75,e63ce2f,9.693296652842108,8.05,11.693000000000001,1.9997033471578938,1
76,d10485af,7.224956747275376,7.2,9.251100000000001,2.0261432527246246,1
77,110394ab,5.531726674375732,4.85,6.7767,1.2449733256242679,1
77,4e610206,8.85889383614004,8.95,9.5574,0.6985061638599603,1
78,e63ce2f,1.3416407864998747,-0.22,3.4229999999999996,2.081359213500125,1
78,d1044709,4.024922359499621,2.87,3.8661000000000003,0.15882235949962098,1
79,110394ab,8.335466393669883,4.92,6.8467,1.4887663936698825,1
79,d10485af,7.022819946431775,3.42,5.4711,1.551719946431775,1
79,4e610206,5.999999999999999,5.9,6.5074000000000005,0.5074000000000014,1
80,d10485af,8.527602242131136,8.27,10.3211,1.7934977578688631,1
80,d1044709,1.6970562748477138,1.29,2.2861000000000002,0.5890437251522864,1
82,110394ab,5.161395160225576,5.03,6.9567000000000005,1.795304839774425,1
83,d10485af,2.4738633753705965,2.0,4.0511,1.5772366246294034,1
84,110394ab,5.43323108288245,5.09,7.0167,1.5834689171175498,1
84,d1044709,7.249827584156744,6.04,7.0361,0.21372758415674387,1
85,8e610981,4.242640687119284,1.8,2.3155,1.9271406871192838,1
85,d10485af,8.160882305241264,8.1,10.1511,1.9902176947587353,1
88,8e610981,4.242640687119285,3.71,4.2255,0.017140687119284514,1
88,4e610206,3.3941125496954276,3.75,4.3574,0.9632874503045725,1
89,d10485af,13.213629327327144,12.54,14.591099999999999,1.377470672672855,1
89,d1044709,8.072174428244226,6.55,7.5461,0.5260744282442262,1
90,e63ce2f,11.208925015361643,7.87,11.513,0.3040749846383566,1
92,d1044709,6.997142273814361,4.99,5.9861,1.0110422738143603,1
93,d1044709,5.1613951602255765,5.48,6.476100000000001,1.314704839774424,1
94,e63ce2f,9.674709297958259,6.72,10.363,0.6882907020417406,1
94,4e610206,7.224956747275376,6.96,7.5674,0.3424432527246237,1
95,d10485af,3.231098884280702,2.94,4.991099999999999,1.7600011157192976,1
98,d10485af,1.3416407864998732,-0.24,1.8111,0.46945921350012676,1
99,e63ce2f,11.541230437002806,7.42,11.062999999999999,0.4782304370028072,1
99,d1044709,7.2993150363578625,7.05,8.0461,0.7467849636421366,1
99,4e610206,2.1633307652783933,2.06,2.6674,0.5040692347216069,1
103,d1044709,8.527602242131136,8.18,9.1761,0.6484977578688635,1
104,8e610981,6.26418390534633,7.51,8.0255,1.7613160946536688,1
104,d10485af,2.6832815729997472,2.61,4.661099999999999,1.9778184270002521,1
105,e63ce2f,9.314504817756013,4.63,8.273,1.0415048177560138,1
107,4e610206,13.483323032546538,11.36,11.9674,1.5159230325465387,1
108,d10485af,4.947726750741191,4.84,6.8911,1.9433732492588085,1
108,d1044709,6.841052550594828,6.6,7.5961,0.755047449405172,1
108,4e610206,1.3416407864998754,1.33,1.9374000000000002,0.5957592135001248,1
109,d1044709,6.627216610312356,6.79,7.7861,1.1588833896876443,1
109,4e610206,0.6000000000000014,0.66,1.2674,0.6673999999999987,1
110,e63ce2f,10.252804494381035,6.25,9.893,0.35980449438103435,1
110,8e610981,7.224956747275376,5.79,6.3055,0.9194567472753761,1
111,110394ab,6.489992295835181,6.01,7.9367,1.4467077041648189,1
111,d1044709,3.8418745424597094,3.56,4.5561,0.7142254575402904,1
112,8e610981,4.242640687119285,3.93,4.4455,0.20285931288071524,1
113,e63ce2f,9.079647570252934,3.52,7.163,1.916647570252934,1
114,d10485af,7.421590126111789,4.13,6.1811,1.2404901261117889,1
115,d10485af,5.531726674375733,5.29,7.3411,1.809373325624267,1
115,4e610206,0.8485281374238585,0.81,1.4174000000000002,0.5688718625761418,1
116,8e610981,5.909314681077663,6.39,6.9055,0.9961853189223371,1
116,4e610206,13.32216198670471,14.24,14.8474,1.52523801329529,1
117,110394ab,7.249827584156743,6.16,8.0867,0.8368724158432572,1
118,110394ab,8.527602242131136,6.2,8.1267,0.4009022421311368,1
119,d1044709,7.022819946431775,6.65,7.646100000000001,0.6232800535682257,1
119,4e610206,1.8973665961010286,0.9,1.5074,0.3899665961010286,1
120,110394ab,10.252804494381037,6.4,8.3267,1.9261044943810361,1
120,d10485af,12.840560735419617,9.95,12.0011,0.8394607354196175,1
120,d1044709,2.6832815729997477,1.12,2.1161000000000003,0.5671815729997474,1
121,8e610981,6.7082039324993685,5.87,6.3855,0.32270393249936813,1
123,d10485af,13.416407864998737,13.08,15.1311,1.714692135001263,1
125,8e610981,7.891767862779543,5.84,6.3555,1.5362678627795425,1
126,e63ce2f,7.8,3.7,7.343,0.45699999999999985,1
126,8e610981,9.486832980505138,7.06,7.5755,1.9113329805051382,1
126,4e610206,4.326661530556787,3.69,4.2974,0.02926153055678693,1
127,110394ab,6.7082039324993685,6.61,8.5367,1.8284960675006312,1
127,8e610981,1.2000000000000002,1.18,1.6955,0.49549999999999983,1
128,110394ab,8.48528137423857,6.62,8.5467,0.06141862576142998,1
128,d10485af,8.85889383614004,5.74,7.7911,1.067793836140039,1
129,d10485af,8.919641248391104,8.46,10.5111,1.5914587516088972,1
129,4e610206,4.242640687119284,4.87,5.4774,1.2347593128807164,1
131,d1044709,7.299315036357864,6.66,7.6561,0.3567849636421361,1
132,110394ab,9.486832980505138,6.74,8.6667,0.8201329805051376,1
132,8e610981,5.531726674375733,5.64,6.1555,0.623773325624267,1
132,d1044709,0.8485281374238571,1.21,2.2061,1.357571862576143,1
133,8e610981,9.0,8.05,8.5655,0.4344999999999999,1
134,d10485af,3.794733192202055,3.15,5.2011,1.4063668077979452,1
135,8e610981,6.841052550594827,5.35,5.8655,0.975552550594827,1
135,d1044709,6.264183905346329,3.52,4.5161,1.7480839053463288,1
137,e63ce2f,8.42140130857092,5.6,9.242999999999999,0.8215986914290792,1
140,110394ab,8.160882305241264,7.22,9.1467,0.9858176947587349,1
141,8e610981,2.1633307652783933,1.79,2.3055,0.14216923472160659,1
142,d10485af,0.6000000000000014,0.36,2.4111,1.8110999999999984,1
142,d1044709,10.682696288858914,8.7,9.6961,0.9865962888589141,1
143,e63ce2f,8.0049984384758,5.63,9.273,1.2680015615241995,1
143,d10485af,13.916896205691842,11.14,13.1911,0.7257962056918412,1
143,d1044709,7.683749084919419,7.28,8.2761,0.5923509150805808,1
144,4e610206,2.4738633753705948,2.2,2.8074000000000003,0.3335366246294056,1
145,110394ab,7.823042886243178,7.53,9.4567,1.633657113756822,1
145,8e610981,4.8373546489791295,4.39,4.9055,0.06814535102087049,1
146,8e610981,7.299315036357863,4.74,5.2555000000000005,2.043815036357863,1
147,d10485af,4.242640687119285,3.15,5.2011,0.9584593128807155,1
148,d10485af,1.8000000000000007,1.74,3.7911,1.9910999999999994,1
149,110394ab,11.649892703368558,7.68,9.6067,2.0431927033685575,1
149,d10485af,2.4738633753705965,2.29,4.3411,1.8672366246294034,1
149,d1044709,8.072174428244224,6.7,7.6961,0.3760744282442241,1
150,8e610981,6.0,7.46,7.9755,1.9755000000000003,1
151,d1044709,3.6000000000000005,3.38,4.3761,0.7760999999999996,1
153,d10485af,0.8485281374238569,0.64,2.6911,1.8425718625761431,1
155,8e610981,4.947726750741193,4.66,5.1755,0.22777324925880738,1
157,8e610981,3.6496575181789312,3.55,4.0655,0.41584248182106887,1
157,d1044709,2.4000000000000004,3.29,4.2861,1.8860999999999999,1
158,4e610206,5.091168824543143,5.97,6.5774,1.4862311754568571,1
160,8e610981,10.615083607772478,10.45,10.965499999999999,0.35041639222752075,1
161,4e610206,3.3941125496954285,3.2,3.8074000000000003,0.4132874503045718,1
162,110394ab,8.919641248391104,8.77,10.6967,1.7770587516088963,1
162,e63ce2f,3.2310988842807022,1.09,4.733,1.5019011157192974,1
162,4e610206,9.019977827023745,8.72,9.3274,0.3074221729762563,1
165,e63ce2f,9.618731725128837,6.04,9.683,0.06426827487116249,1
165,8e610981,5.43323108288245,6.21,6.7255,1.2922689171175499,1
165,d10485af,12.6,9.29,11.341099999999999,1.2589000000000006,1
166,d10485af,8.160882305241264,4.84,6.8911,1.2697823052412645,1
168,d10485af,9.019977827023745,7.82,9.8711,0.8511221729762557,1
169,4e610206,2.1633307652783946,2.02,2.6274,0.46406923472160555,1
170,110394ab,9.618731725128837,9.46,11.386700000000001,1.7679682748711638,1
170,8e610981,10.182337649086284,8.56,9.0755,1.106837649086284,1
171,8e610981,4.5694638635183455,4.4,4.915500000000001,0.346036136481656,1
172,110394ab,10.21763181955584,9.75,11.6767,1.4590681804441594,1
172,8e610981,10.615083607772478,8.36,8.875499999999999,1.7395836077724791,1
174,8e610981,0.5999999999999996,0.43,0.9455,0.34550000000000036,1
174,4e610206,7.224956747275376,4.92,5.5274,1.6975567472753763,1
175,e63ce2f,10.478549517943788,5.21,8.853,1.6255495179437887,1
176,e63ce2f,9.333809511662427,4.64,8.283,1.0508095116624272,1
176,8e610981,2.9999999999999987,1.04,1.5554999999999999,1.4444999999999988,1
176,d1044709,4.326661530556787,4.19,5.186100000000001,0.859438469443214,1
177,8e610981,4.242640687119285,4.19,4.705500000000001,0.4628593128807159,1
178,110394ab,11.27297653683356,10.77,12.6967,1.4237234631664393,1
178,e63ce2f,10.682696288858912,6.6,10.242999999999999,0.4396962888589133,1
178,d1044709,5.531726674375732,4.35,5.3461,0.18562667437573221,1
179,4e610206,3.6496575181789317,3.8,4.4074,0.7577424818210683,1
180,110394ab,13.955644019535608,12.07,13.9967,0.041055980464392405,1
180,d10485af,4.36806593356831,3.98,6.0311,1.66303406643169,1
180,d1044709,7.022819946431775,7.59,8.5861,1.5632800535682252,1
180,4e610206,1.8973665961010286,2.8,3.4074,1.5100334038989713,1
181,4e610206,4.326661530556788,5.77,6.3774,2.0507384694432114,1
182,d10485af,7.224956747275376,5.32,7.3711,0.1461432527246238,1
183,110394ab,13.99428454762872,12.92,14.8467,0.8524154523712806,1
183,8e610981,7.224956747275376,6.63,7.1455,0.07945674727537622,1
184,110394ab,13.17269904006009,12.93,14.8567,1.68400095993991,1
184,8e610981,9.0,7.84,8.3555,0.6445000000000007,1
184,4e610206,6.4899922958351794,4.88,5.4874,1.0025922958351794,1
185,d10485af,10.217631819555839,6.9,8.9511,1.2665318195558388,1
185,d1044709,1.6970562748477132,1.43,2.4261,0.7290437251522868,1
186,8e610981,4.242640687119284,4.36,4.875500000000001,0.6328593128807167,1
186,d10485af,3.2310988842807022,1.18,3.2310999999999996,1.115719297395401e-06,1
186,d1044709,7.224956747275376,6.87,7.8661,0.6411432527246239,1
187,d10485af,18.83082579177026,15.38,17.4311,1.3997257917702584,1
188,4e610206,4.242640687119285,4.09,4.6974,0.45475931288071525,1
189,4e610206,5.43323108288245,5.42,6.0274,0.5941689171175497,1
190,8e610981,8.335466393669883,8.46,8.9755,0.6400336063301175,1
190,d1044709,3.7947331922020555,1.71,2.7061,1.0886331922020553,1
190,4e610206,9.767292357659821,9.51,10.1174,0.35010764234017877,1
191,e63ce2f,7.022819946431774,3.25,6.893,0.1298199464317742,1
191,d10485af,9.0,8.55,10.6011,1.6011000000000006,1
191,d1044709,2.4738633753705948,2.32,3.3160999999999996,0.8422366246294049,1
192,8e610981,5.909314681077661,5.8,6.3155,0.406185318922339,1
192,d10485af,3.4985711369071804,3.25,5.3011,1.8025288630928196,1
192,4e610206,3.000000000000001,3.11,3.7174,0.7173999999999991,1
193,8e610981,9.158602513484249,7.32,7.835500000000001,1.3231025134842485,1
194,d10485af,14.818906842274162,14.69,16.7411,1.9221931577258378,1
194,d1044709,6.118823416311342,6.03,7.0261000000000005,0.9072765836886587,1
195,d1044709,4.368065933568311,4.21,5.2061,0.838034066431689,1
196,d1044709,7.2,7.01,8.0061,0.8060999999999989,1
197,d1044709,5.4,5.56,6.5561,1.1560999999999995,1
198,8e610981,7.224956747275377,7.02,7.5355,0.3105432527246226,1
199,8e610981,3.794733192202056,3.42,3.9354999999999998,0.14076680779794382,1
201,8e610981,3.794733192202055,3.78,4.2955,0.5007668077979446,1
201,d1044709,6.378087487640789,5.92,6.9161,0.5380125123592112,1
202,8e610981,6.708203932499369,6.17,6.6855,0.022703932499369195,1
204,4e610206,14.512063946937387,12.91,13.5174,0.9946639469373864,1
205,d1044709,6.462197768561405,4.05,5.0461,1.4160977685614053,1
206,e63ce2f,12.354756169184402,9.09,12.733,0.37824383081559887,1
206,d1044709,7.249827584156743,5.63,6.6261,0.6237275841567431,1
206,4e610206,2.473863375370597,2.2,2.8074000000000003,0.33353662462940337,1
207,e63ce2f,8.0049984384758,3.7,7.343,0.6619984384758002,1
207,d10485af,8.85889383614004,5.29,7.3411,1.5177938361400392,1
207,d1044709,3.7947331922020546,0.81,1.8061,1.9886331922020546,1
207,4e610206,2.9999999999999982,2.77,3.3774,0.37740000000000196,1
208,e63ce2f,4.8,0.69,4.333,0.46699999999999964,1
208,4e610206,6.4899922958351794,4.99,5.5974,0.8925922958351791,1
209,e63ce2f,8.072174428244226,4.18,7.8229999999999995,0.24917442824422675,1
209,d1044709,2.9999999999999996,2.73,3.7260999999999997,0.7261000000000002,1
209,4e610206,4.569463863518345,2.29,2.8974,1.6720638635183445,1
210,d10485af,9.674709297958257,9.17,11.2211,1.5463907020417427,1
211,d10485af,10.816653826391969,10.48,12.5311,1.7144461736080316,1
211,d1044709,3.8418745424597094,3.59,4.5861,0.7442254575402907,1
212,e63ce2f,6.627216610312357,4.83,8.472999999999999,1.845783389687642,1
212,d10485af,11.7881296226331,11.32,13.3711,1.5829703773669,1
212,4e610206,10.057832768544124,9.56,10.1674,0.10956723145587688,1
213,8e610981,3.0,2.48,2.9955,0.0045000000000001705,1
213,4e610206,9.985990186255941,7.7,8.3074,1.678590186255942,1
214,4e610206,2.4738633753705948,2.19,2.7974,0.32353662462940536,1
215,8e610981,9.693296652842108,7.14,7.6555,2.0377966528421076,1
217,e63ce2f,11.208925015361643,5.6,9.242999999999999,1.9659250153616448,1
220,8e610981,3.0,2.72,3.2355,0.23550000000000004,1
220,d10485af,8.049844718999243,6.85,8.9011,0.851255281000757,1
221,8e610981,6.708203932499369,5.49,6.0055000000000005,0.7027039324993689,1
221,d1044709,6.177378084592201,5.81,6.8061,0.628721915407799,1
222,4e610206,2.473863375370597,2.12,2.7274000000000003,0.2535366246294033,1
223,4e610206,2.4738633753705948,2.25,2.8574,0.3835366246294054,1
224,4e610206,12.059850745345067,11.16,11.7674,0.2924507453450662,1
227,d1044709,8.919641248391104,8.8,9.796100000000001,0.8764587516088973,1
228,d1044709,3.8418745424597094,2.0,2.9961,0.8457745424597092,1
228,4e610206,8.73613186713662,6.2,6.8074,1.9287318671366203,1
229,e63ce2f,9.840731680114036,5.6,9.242999999999999,0.5977316801140375,1
229,4e610206,3.3941125496954276,2.9,3.5074,0.11328745030457243,1
230,e63ce2f,8.357032966310472,6.0,9.643,1.2859670336895288,1
230,d1044709,3.5999999999999996,0.6,1.5960999999999999,2.0039,1
231,d1044709,8.919641248391104,8.4,9.3961,0.47645875160889695,1
234,8e610981,8.73613186713662,6.47,6.9855,1.7506318671366206,1
236,8e610981,6.0,7.08,7.5955,1.5955000000000004,1
237,8e610981,6.118823416311342,7.48,7.995500000000001,1.876676583688659,1
239,8e610981,3.0,2.68,3.1955,0.1955,1
239,d1044709,3.794733192202056,2.99,3.9861000000000004,0.19136680779794446,1
239,4e610206,7.8,8.32,8.9274,1.1274000000000006,1
242,8e610981,6.841052550594828,8.21,8.7255,1.8844474494051724,1
243,e63ce2f,9.486832980505138,4.24,7.883,1.6038329805051381,1
243,8e610981,4.686149805543993,4.48,4.995500000000001,0.309350194456008,1
244,e63ce2f,9.158602513484249,3.86,7.503,1.655602513484249,1
244,8e610981,5.161395160225576,4.95,5.4655000000000005,0.3041048397744248,1
244,d10485af,6.378087487640788,6.14,8.191099999999999,1.8130125123592107,1
244,d1044709,4.024922359499621,1.53,2.5261,1.4988223594996213,1
245,e63ce2f,8.85889383614004,3.59,7.233,1.6258938361400395,1
245,8e610981,5.660388679233963,5.48,5.995500000000001,0.3351113207660381,1
245,d1044709,3.794733192202055,1.3,2.2961,1.498633192202055,1
246,e63ce2f,8.590692637965812,3.6,7.243,1.347692637965812,1
246,8e610981,6.177378084592201,5.98,6.495500000000001,0.3181219154077999,1
246,4e610206,2.3999999999999986,2.33,2.9374000000000002,0.5374000000000017,1
247,e63ce2f,8.357032966310472,3.51,7.153,1.2040329663104723,1
247,4e610206,2.4738633753705948,2.14,2.7474000000000003,0.27353662462940553,1
248,e63ce2f,8.160882305241266,3.35,6.993,1.1678823052412657,1
248,8e610981,7.249827584156743,7.08,7.5955,0.34567241584325714,1
248,4e610206,2.6832815729997463,2.55,3.1574,0.47411842700025364,1
249,e63ce2f,8.0049984384758,3.68,7.323,0.6819984384757998,1
249,d10485af,8.85889383614004,8.01,10.0611,1.2022061638599606,1
249,d1044709,3.7947331922020546,1.3,2.2961,1.4986331922020546,1
250,e63ce2f,7.891767862779544,4.02,7.662999999999999,0.2287678627795442,1
250,d10485af,9.391485505499114,8.19,10.2411,0.8496144945008854,1
250,d1044709,4.02492235949962,1.3,2.2961,1.7288223594996204,1
251,4e610206,3.8418745424597085,3.85,4.4574,0.6155254575402913,1
252,d1044709,4.686149805543993,5.59,6.5861,1.8999501944560073,1
252,4e610206,4.326661530556787,4.25,4.8574,0.5307384694432136,1
253,8e610981,5.4,6.91,7.4255,2.0255,1
253,d1044709,0.8485281374238566,0.4,1.3961000000000001,0.5475718625761435,1
253,4e610206,5.399999999999999,3.72,4.3274,1.0725999999999987,1
256,8e610981,9.0,8.15,8.6655,0.33450000000000024,1
256,d10485af,1.8973665961010282,-0.12,1.9310999999999998,0.033733403898971615,1
256,d1044709,11.320777358467925,8.87,9.8661,1.4546773584679258,1
256,4e610206,6.489992295835181,5.67,6.2774,0.21259229583518113,1
258,8e610981,6.708203932499369,5.85,6.3655,0.3427039324993695,1
258,d10485af,3.794733192202055,2.1,4.1511,0.3563668077979445,1
258,d1044709,7.249827584156743,6.37,7.3661,0.1162724158432571,1
259,8e610981,7.249827584156743,7.04,7.5555,0.3056724158432571,1
262,e63ce2f,15.749285698088025,10.83,14.472999999999999,1.2762856980880262,1
262,8e610981,7.2993150363578625,8.5,9.0155,1.716184963642137,1
263,8e610981,7.199999999999999,7.9,8.4155,1.2155000000000005,1
264,8e610981,7.224956747275376,5.69,6.205500000000001,1.0194567472753757,1
264,d10485af,1.1999999999999997,0.79,2.8411,1.6411000000000002,1
265,8e610981,7.2993150363578625,5.56,6.0755,1.2238150363578626,1
265,d10485af,1.8000000000000003,1.43,3.4810999999999996,1.6810999999999994,1
266,d10485af,2.4,2.04,4.0911,1.6911,1
266,4e610206,4.024922359499622,1.59,2.1974,1.8275223594996222,1
267,d10485af,2.9999999999999996,2.67,4.7211,1.7211000000000003,1
268,d10485af,3.6,3.39,5.4411000000000005,1.8411000000000004,1
269,4e610206,2.545584412271572,2.27,2.8774,0.33181558772842834,1
